t, n0, n1, n2, n3
0, 10, 0, 0, 0
1, 10, 0, 0, 0
2, 10, 0, 0, 0
3, 10, 0, 0, 0
4, 10, 0, 0, 0
5, 10, 0, 0, 0
6, 10, 0, 0, 0
7, 10, 0, 0, 0
8, 10, 0, 0, 0
9, 10, 0, 0, 0
9, 10, 0, 0, 0
10, 10, 0, 0, 0
11, 10, 0, 0, 0
12, 10, 0, 0, 0
13, 10, 0, 0, 0
14, 10, 0, 0, 0
14, 10, 0, 0, 0
15, 10, 0, 0, 0
16, 10, 0, 0, 0
17, 10, 0, 0, 0
18, 10, 0, 0, 0
19, 10, 0, 0, 0
20, 10, 0, 0, 0
21, 10, 0, 0, 0
22, 10, 0, 0, 0
23, 10, 0, 0, 0
24, 10, 0, 0, 0
25, 10, 0, 0, 0
26, 10, 0, 0, 0
27, 10, 0, 0, 0
28, 10, 0, 0, 0
29, 10, 0, 0, 0
30, 10, 0, 0, 0
31, 10, 0, 0, 0
31, 10, 0, 0, 0
32, 10, 0, 0, 0
32, 10, 0, 0, 0
32, 10, 0, 0, 0
33, 10, 0, 0, 0
34, 10, 0, 0, 0
35, 10, 0, 0, 0
36, 10, 0, 0, 0
37, 10, 0, 0, 0
38, 10, 0, 0, 0
39, 10, 0, 0, 0
40, 10, 0, 0, 0
41, 10, 0, 0, 0
42, 10, 0, 0, 0
43, 10, 0, 0, 0
44, 10, 0, 0, 0
45, 10, 0, 0, 0
46, 10, 0, 0, 0
47, 10, 0, 0, 0
48, 10, 0, 0, 0
49, 10, 0, 0, 0
50, 10, 0, 0, 0
51, 10, 0, 0, 0
52, 10, 0, 0, 0
53, 10, 0, 0, 0
54, 10, 0, 0, 0
55, 10, 0, 0, 0
56, 10, 0, 0, 0
57, 10, 0, 0, 0
58, 10, 0, 0, 0
59, 10, 0, 0, 0
60, 10, 0, 0, 0
61, 10, 0, 0, 0
62, 9, 1, 0, 0
63, 9, 1, 0, 0
64, 9, 1, 0, 0
65, 9, 1, 0, 0
66, 9, 1, 0, 0
67, 9, 1, 0, 0
68, 10, 0, 0, 0
69, 10, 0, 0, 0
70, 10, 0, 0, 0
71, 10, 0, 0, 0
72, 10, 0, 0, 0
73, 10, 0, 0, 0
74, 10, 0, 0, 0
75, 10, 0, 0, 0
76, 10, 0, 0, 0
77, 10, 0, 0, 0
78, 10, 0, 0, 0
79, 10, 0, 0, 0
80, 10, 0, 0, 0
81, 10, 0, 0, 0
82, 10, 0, 0, 0
83, 10, 0, 0, 0
84, 10, 0, 0, 0
85, 10, 0, 0, 0
86, 10, 0, 0, 0
87, 10, 0, 0, 0
88, 10, 0, 0, 0
89, 10, 0, 0, 0
90, 10, 0, 0, 0
91, 10, 0, 0, 0
92, 10, 0, 0, 0
93, 10, 0, 0, 0
94, 10, 0, 0, 0
95, 10, 0, 0, 0
96, 10, 0, 0, 0
97, 10, 0, 0, 0
98, 10, 0, 0, 0
99, 10, 0, 0, 0
100, 10, 0, 0, 0
101, 10, 0, 0, 0
102, 10, 0, 0, 0
103, 10, 0, 0, 0
104, 10, 0, 0, 0
105, 10, 0, 0, 0
106, 10, 0, 0, 0
107, 10, 0, 0, 0
108, 10, 0, 0, 0
109, 10, 0, 0, 0
109, 10, 0, 0, 0
110, 10, 0, 0, 0
111, 10, 0, 0, 0
112, 10, 0, 0, 0
113, 10, 0, 0, 0
114, 10, 0, 0, 0
115, 10, 0, 0, 0
116, 10, 0, 0, 0
117, 10, 0, 0, 0
118, 10, 0, 0, 0
119, 10, 0, 0, 0
120, 10, 0, 0, 0
120, 10, 0, 0, 0
121, 10, 0, 0, 0
122, 10, 0, 0, 0
123, 10, 0, 0, 0
124, 10, 0, 0, 0
125, 10, 0, 0, 0
126, 10, 0, 0, 0
127, 10, 0, 0, 0
128, 10, 0, 0, 0
129, 10, 0, 0, 0
129, 10, 0, 0, 0
129, 10, 0, 0, 0
130, 10, 0, 0, 0
131, 10, 0, 0, 0
132, 10, 0, 0, 0
133, 10, 0, 0, 0
134, 10, 0, 0, 0
135, 10, 0, 0, 0
136, 10, 0, 0, 0
137, 10, 0, 0, 0
138, 10, 0, 0, 0
139, 10, 0, 0, 0
140, 10, 0, 0, 0
141, 10, 0, 0, 0
142, 10, 0, 0, 0
143, 10, 0, 0, 0
143, 10, 0, 0, 0
144, 10, 0, 0, 0
145, 10, 0, 0, 0
146, 10, 0, 0, 0
146, 10, 0, 0, 0
146, 10, 0, 0, 0
147, 10, 0, 0, 0
147, 10, 0, 0, 0
148, 10, 0, 0, 0
149, 10, 0, 0, 0
150, 10, 0, 0, 0
150, 10, 0, 0, 0
151, 10, 0, 0, 0
151, 10, 0, 0, 0
151, 10, 0, 0, 0
152, 10, 0, 0, 0
153, 10, 0, 0, 0
153, 10, 0, 0, 0
154, 10, 0, 0, 0
154, 10, 0, 0, 0
154, 10, 0, 0, 0
155, 10, 0, 0, 0
156, 10, 0, 0, 0
156, 10, 0, 0, 0
156, 10, 0, 0, 0
156, 10, 0, 0, 0
156, 10, 0, 0, 0
157, 10, 0, 0, 0
158, 10, 0, 0, 0
159, 10, 0, 0, 0
160, 10, 0, 0, 0
161, 10, 0, 0, 0
162, 10, 0, 0, 0
163, 10, 0, 0, 0
164, 10, 0, 0, 0
164, 10, 0, 0, 0
165, 10, 0, 0, 0
166, 10, 0, 0, 0
167, 10, 0, 0, 0
167, 10, 0, 0, 0
168, 10, 0, 0, 0
169, 10, 0, 0, 0
170, 10, 0, 0, 0
170, 10, 0, 0, 0
170, 10, 0, 0, 0
170, 10, 0, 0, 0
171, 10, 0, 0, 0
172, 10, 0, 0, 0
173, 10, 0, 0, 0
174, 10, 0, 0, 0
175, 10, 0, 0, 0
176, 10, 0, 0, 0
177, 10, 0, 0, 0
178, 10, 0, 0, 0
178, 10, 0, 0, 0
179, 10, 0, 0, 0
179, 10, 0, 0, 0
180, 10, 0, 0, 0
181, 10, 0, 0, 0
182, 10, 0, 0, 0
183, 10, 0, 0, 0
184, 10, 0, 0, 0
185, 10, 0, 0, 0
186, 10, 0, 0, 0
187, 10, 0, 0, 0
188, 10, 0, 0, 0
189, 10, 0, 0, 0
190, 10, 0, 0, 0
191, 10, 0, 0, 0
192, 10, 0, 0, 0
193, 10, 0, 0, 0
194, 10, 0, 0, 0
195, 10, 0, 0, 0
196, 10, 0, 0, 0
197, 10, 0, 0, 0
198, 10, 0, 0, 0
199, 10, 0, 0, 0
200, 10, 0, 0, 0
201, 10, 0, 0, 0
202, 10, 0, 0, 0
203, 10, 0, 0, 0
204, 10, 0, 0, 0
205, 10, 0, 0, 0
206, 10, 0, 0, 0
207, 10, 0, 0, 0
208, 10, 0, 0, 0
209, 10, 0, 0, 0
210, 10, 0, 0, 0
211, 10, 0, 0, 0
212, 10, 0, 0, 0
213, 10, 0, 0, 0
214, 10, 0, 0, 0
215, 10, 0, 0, 0
216, 10, 0, 0, 0
217, 10, 0, 0, 0
218, 10, 0, 0, 0
219, 10, 0, 0, 0
220, 10, 0, 0, 0
220, 10, 0, 0, 0
221, 10, 0, 0, 0
222, 10, 0, 0, 0
223, 10, 0, 0, 0
224, 10, 0, 0, 0
225, 10, 0, 0, 0
226, 10, 0, 0, 0
227, 10, 0, 0, 0
228, 10, 0, 0, 0
229, 10, 0, 0, 0
230, 10, 0, 0, 0
231, 10, 0, 0, 0
232, 10, 0, 0, 0
233, 10, 0, 0, 0
234, 10, 0, 0, 0
235, 10, 0, 0, 0
236, 10, 0, 0, 0
237, 10, 0, 0, 0
238, 10, 0, 0, 0
239, 10, 0, 0, 0
240, 10, 0, 0, 0
241, 10, 0, 0, 0
242, 10, 0, 0, 0
243, 10, 0, 0, 0
244, 10, 0, 0, 0
245, 10, 0, 0, 0
246, 10, 0, 0, 0
247, 10, 0, 0, 0
248, 10, 0, 0, 0
249, 10, 0, 0, 0
250, 10, 0, 0, 0
251, 10, 0, 0, 0
252, 10, 0, 0, 0
253, 10, 0, 0, 0
254, 10, 0, 0, 0
255, 10, 0, 0, 0
256, 10, 0, 0, 0
257, 10, 0, 0, 0
258, 10, 0, 0, 0
259, 10, 0, 0, 0
260, 10, 0, 0, 0
261, 10, 0, 0, 0
262, 10, 0, 0, 0
263, 10, 0, 0, 0
264, 10, 0, 0, 0
265, 10, 0, 0, 0
266, 10, 0, 0, 0
267, 10, 0, 0, 0
268, 10, 0, 0, 0
269, 10, 0, 0, 0
270, 10, 0, 0, 0
271, 10, 0, 0, 0
272, 10, 0, 0, 0
273, 10, 0, 0, 0
274, 10, 0, 0, 0
275, 10, 0, 0, 0
276, 10, 0, 0, 0
277, 10, 0, 0, 0
278, 10, 0, 0, 0
279, 10, 0, 0, 0
280, 10, 0, 0, 0
281, 10, 0, 0, 0
282, 10, 0, 0, 0
283, 10, 0, 0, 0
284, 10, 0, 0, 0
285, 10, 0, 0, 0
286, 10, 0, 0, 0
287, 10, 0, 0, 0
288, 10, 0, 0, 0
289, 10, 0, 0, 0
290, 10, 0, 0, 0
291, 10, 0, 0, 0
292, 10, 0, 0, 0
293, 10, 0, 0, 0
294, 10, 0, 0, 0
295, 10, 0, 0, 0
296, 10, 0, 0, 0
297, 10, 0, 0, 0
298, 10, 0, 0, 0
299, 10, 0, 0, 0
300, 10, 0, 0, 0
301, 10, 0, 0, 0
302, 10, 0, 0, 0
303, 10, 0, 0, 0
304, 10, 0, 0, 0
305, 10, 0, 0, 0
306, 10, 0, 0, 0
307, 10, 0, 0, 0
308, 10, 0, 0, 0
309, 10, 0, 0, 0
310, 10, 0, 0, 0
311, 10, 0, 0, 0
312, 10, 0, 0, 0
313, 10, 0, 0, 0
314, 10, 0, 0, 0
315, 10, 0, 0, 0
316, 10, 0, 0, 0
317, 10, 0, 0, 0
318, 10, 0, 0, 0
319, 10, 0, 0, 0
320, 10, 0, 0, 0
320, 10, 0, 0, 0
321, 10, 0, 0, 0
322, 10, 0, 0, 0
323, 10, 0, 0, 0
324, 10, 0, 0, 0
325, 10, 0, 0, 0
326, 10, 0, 0, 0
327, 10, 0, 0, 0
328, 10, 0, 0, 0
329, 10, 0, 0, 0
330, 10, 0, 0, 0
331, 10, 0, 0, 0
332, 10, 0, 0, 0
332, 10, 0, 0, 0
333, 10, 0, 0, 0
333, 10, 0, 0, 0
334, 10, 0, 0, 0
335, 10, 0, 0, 0
336, 10, 0, 0, 0
337, 10, 0, 0, 0
338, 10, 0, 0, 0
339, 10, 0, 0, 0
340, 10, 0, 0, 0
341, 10, 0, 0, 0
342, 10, 0, 0, 0
343, 10, 0, 0, 0
344, 10, 0, 0, 0
345, 10, 0, 0, 0
346, 10, 0, 0, 0
347, 10, 0, 0, 0
348, 10, 0, 0, 0
349, 10, 0, 0, 0
350, 10, 0, 0, 0
351, 10, 0, 0, 0
352, 10, 0, 0, 0
353, 10, 0, 0, 0
354, 10, 0, 0, 0
355, 10, 0, 0, 0
356, 10, 0, 0, 0
357, 10, 0, 0, 0
358, 10, 0, 0, 0
359, 10, 0, 0, 0
360, 10, 0, 0, 0
361, 10, 0, 0, 0
362, 10, 0, 0, 0
363, 10, 0, 0, 0
364, 10, 0, 0, 0
365, 10, 0, 0, 0
366, 10, 0, 0, 0
367, 10, 0, 0, 0
368, 10, 0, 0, 0
369, 10, 0, 0, 0
370, 10, 0, 0, 0
371, 10, 0, 0, 0
371, 10, 0, 0, 0
372, 10, 0, 0, 0
373, 10, 0, 0, 0
374, 10, 0, 0, 0
375, 10, 0, 0, 0
376, 10, 0, 0, 0
377, 10, 0, 0, 0
378, 10, 0, 0, 0
379, 10, 0, 0, 0
380, 10, 0, 0, 0
381, 10, 0, 0, 0
382, 10, 0, 0, 0
383, 10, 0, 0, 0
384, 10, 0, 0, 0
385, 10, 0, 0, 0
386, 10, 0, 0, 0
387, 10, 0, 0, 0
388, 10, 0, 0, 0
389, 10, 0, 0, 0
390, 10, 0, 0, 0
391, 10, 0, 0, 0
392, 10, 0, 0, 0
393, 10, 0, 0, 0
394, 10, 0, 0, 0
395, 10, 0, 0, 0
396, 10, 0, 0, 0
397, 10, 0, 0, 0
398, 10, 0, 0, 0
399, 10, 0, 0, 0
400, 10, 0, 0, 0
401, 10, 0, 0, 0
402, 10, 0, 0, 0
403, 10, 0, 0, 0
404, 10, 0, 0, 0
405, 10, 0, 0, 0
406, 10, 0, 0, 0
407, 10, 0, 0, 0
408, 10, 0, 0, 0
409, 10, 0, 0, 0
410, 10, 0, 0, 0
410, 10, 0, 0, 0
411, 10, 0, 0, 0
412, 10, 0, 0, 0
413, 10, 0, 0, 0
414, 10, 0, 0, 0
415, 10, 0, 0, 0
416, 10, 0, 0, 0
417, 10, 0, 0, 0
418, 10, 0, 0, 0
419, 10, 0, 0, 0
420, 10, 0, 0, 0
421, 10, 0, 0, 0
422, 10, 0, 0, 0
423, 10, 0, 0, 0
424, 10, 0, 0, 0
424, 10, 0, 0, 0
425, 10, 0, 0, 0
426, 10, 0, 0, 0
427, 10, 0, 0, 0
428, 10, 0, 0, 0
428, 10, 0, 0, 0
428, 10, 0, 0, 0
428, 10, 0, 0, 0
429, 6, 4, 0, 0
430, 7, 3, 0, 0
431, 7, 3, 0, 0
432, 7, 3, 0, 0
432, 7, 3, 0, 0
433, 8, 2, 0, 0
433, 8, 2, 0, 0
433, 8, 2, 0, 0
434, 9, 1, 0, 0
435, 10, 0, 0, 0
436, 10, 0, 0, 0
437, 10, 0, 0, 0
438, 10, 0, 0, 0
439, 10, 0, 0, 0
440, 10, 0, 0, 0
441, 10, 0, 0, 0
441, 10, 0, 0, 0
442, 10, 0, 0, 0
443, 10, 0, 0, 0
444, 10, 0, 0, 0
445, 10, 0, 0, 0
446, 10, 0, 0, 0
447, 10, 0, 0, 0
448, 10, 0, 0, 0
449, 10, 0, 0, 0
450, 10, 0, 0, 0
451, 10, 0, 0, 0
452, 10, 0, 0, 0
453, 10, 0, 0, 0
454, 10, 0, 0, 0
455, 10, 0, 0, 0
456, 10, 0, 0, 0
457, 10, 0, 0, 0
458, 10, 0, 0, 0
459, 10, 0, 0, 0
460, 10, 0, 0, 0
461, 10, 0, 0, 0
462, 10, 0, 0, 0
463, 10, 0, 0, 0
464, 10, 0, 0, 0
465, 10, 0, 0, 0
466, 10, 0, 0, 0
467, 10, 0, 0, 0
468, 10, 0, 0, 0
469, 10, 0, 0, 0
470, 10, 0, 0, 0
471, 10, 0, 0, 0
472, 10, 0, 0, 0
473, 10, 0, 0, 0
474, 10, 0, 0, 0
475, 10, 0, 0, 0
476, 10, 0, 0, 0
477, 10, 0, 0, 0
478, 10, 0, 0, 0
479, 10, 0, 0, 0
480, 10, 0, 0, 0
481, 10, 0, 0, 0
482, 10, 0, 0, 0
483, 10, 0, 0, 0
484, 10, 0, 0, 0
485, 10, 0, 0, 0
486, 10, 0, 0, 0
487, 10, 0, 0, 0
488, 10, 0, 0, 0
489, 10, 0, 0, 0
490, 10, 0, 0, 0
491, 10, 0, 0, 0
492, 10, 0, 0, 0
493, 10, 0, 0, 0
494, 10, 0, 0, 0
495, 10, 0, 0, 0
496, 10, 0, 0, 0
497, 10, 0, 0, 0
498, 10, 0, 0, 0
499, 10, 0, 0, 0
500, 10, 0, 0, 0
501, 10, 0, 0, 0
502, 10, 0, 0, 0
503, 10, 0, 0, 0
504, 10, 0, 0, 0
505, 10, 0, 0, 0
506, 10, 0, 0, 0
507, 10, 0, 0, 0
508, 10, 0, 0, 0
509, 10, 0, 0, 0
510, 10, 0, 0, 0
511, 10, 0, 0, 0
512, 10, 0, 0, 0
513, 10, 0, 0, 0
514, 10, 0, 0, 0
515, 10, 0, 0, 0
516, 10, 0, 0, 0
517, 10, 0, 0, 0
518, 10, 0, 0, 0
519, 10, 0, 0, 0
520, 10, 0, 0, 0
521, 10, 0, 0, 0
522, 10, 0, 0, 0
523, 10, 0, 0, 0
524, 10, 0, 0, 0
525, 10, 0, 0, 0
526, 10, 0, 0, 0
527, 10, 0, 0, 0
528, 10, 0, 0, 0
529, 10, 0, 0, 0
530, 10, 0, 0, 0
531, 10, 0, 0, 0
532, 10, 0, 0, 0
533, 10, 0, 0, 0
534, 10, 0, 0, 0
535, 10, 0, 0, 0
535, 10, 0, 0, 0
536, 10, 0, 0, 0
537, 10, 0, 0, 0
537, 10, 0, 0, 0
538, 10, 0, 0, 0
539, 10, 0, 0, 0
540, 10, 0, 0, 0
541, 10, 0, 0, 0
542, 10, 0, 0, 0
543, 10, 0, 0, 0
544, 10, 0, 0, 0
545, 10, 0, 0, 0
546, 10, 0, 0, 0
547, 10, 0, 0, 0
548, 10, 0, 0, 0
549, 10, 0, 0, 0
550, 10, 0, 0, 0
551, 10, 0, 0, 0
552, 10, 0, 0, 0
553, 10, 0, 0, 0
554, 10, 0, 0, 0
555, 10, 0, 0, 0
556, 10, 0, 0, 0
556, 10, 0, 0, 0
557, 10, 0, 0, 0
558, 10, 0, 0, 0
559, 10, 0, 0, 0
560, 10, 0, 0, 0
560, 10, 0, 0, 0
561, 10, 0, 0, 0
562, 10, 0, 0, 0
563, 10, 0, 0, 0
563, 10, 0, 0, 0
564, 10, 0, 0, 0
565, 10, 0, 0, 0
566, 10, 0, 0, 0
567, 10, 0, 0, 0
568, 10, 0, 0, 0
569, 10, 0, 0, 0
570, 10, 0, 0, 0
571, 10, 0, 0, 0
571, 10, 0, 0, 0
571, 10, 0, 0, 0
572, 10, 0, 0, 0
573, 10, 0, 0, 0
574, 10, 0, 0, 0
575, 10, 0, 0, 0
576, 10, 0, 0, 0
577, 10, 0, 0, 0
578, 10, 0, 0, 0
579, 10, 0, 0, 0
580, 10, 0, 0, 0
581, 10, 0, 0, 0
582, 10, 0, 0, 0
583, 10, 0, 0, 0
584, 10, 0, 0, 0
585, 10, 0, 0, 0
586, 10, 0, 0, 0
587, 10, 0, 0, 0
588, 10, 0, 0, 0
588, 10, 0, 0, 0
589, 10, 0, 0, 0
590, 10, 0, 0, 0
591, 10, 0, 0, 0
591, 10, 0, 0, 0
592, 10, 0, 0, 0
593, 10, 0, 0, 0
594, 10, 0, 0, 0
595, 10, 0, 0, 0
596, 10, 0, 0, 0
597, 10, 0, 0, 0
598, 10, 0, 0, 0
599, 10, 0, 0, 0
599, 10, 0, 0, 0
600, 10, 0, 0, 0
601, 10, 0, 0, 0
602, 10, 0, 0, 0
603, 10, 0, 0, 0
603, 10, 0, 0, 0
604, 10, 0, 0, 0
605, 10, 0, 0, 0
606, 10, 0, 0, 0
607, 10, 0, 0, 0
607, 10, 0, 0, 0
608, 10, 0, 0, 0
608, 10, 0, 0, 0
609, 10, 0, 0, 0
609, 10, 0, 0, 0
610, 10, 0, 0, 0
610, 10, 0, 0, 0
610, 10, 0, 0, 0
610, 10, 0, 0, 0
610, 10, 0, 0, 0
610, 10, 0, 0, 0
610, 10, 0, 0, 0
610, 10, 0, 0, 0
611, 10, 0, 0, 0
612, 10, 0, 0, 0
613, 10, 0, 0, 0
614, 10, 0, 0, 0
614, 10, 0, 0, 0
615, 10, 0, 0, 0
616, 10, 0, 0, 0
617, 10, 0, 0, 0
618, 10, 0, 0, 0
619, 10, 0, 0, 0
620, 10, 0, 0, 0
620, 10, 0, 0, 0
621, 10, 0, 0, 0
622, 10, 0, 0, 0
623, 10, 0, 0, 0
624, 10, 0, 0, 0
625, 10, 0, 0, 0
625, 10, 0, 0, 0
626, 10, 0, 0, 0
627, 9, 1, 0, 0
628, 10, 0, 0, 0
629, 10, 0, 0, 0
630, 10, 0, 0, 0
631, 10, 0, 0, 0
632, 10, 0, 0, 0
633, 10, 0, 0, 0
634, 10, 0, 0, 0
635, 10, 0, 0, 0
636, 10, 0, 0, 0
637, 10, 0, 0, 0
638, 10, 0, 0, 0
639, 10, 0, 0, 0
640, 10, 0, 0, 0
641, 10, 0, 0, 0
642, 10, 0, 0, 0
643, 10, 0, 0, 0
644, 10, 0, 0, 0
645, 10, 0, 0, 0
646, 10, 0, 0, 0
647, 10, 0, 0, 0
648, 10, 0, 0, 0
649, 10, 0, 0, 0
650, 10, 0, 0, 0
651, 10, 0, 0, 0
652, 10, 0, 0, 0
653, 10, 0, 0, 0
654, 10, 0, 0, 0
655, 10, 0, 0, 0
656, 10, 0, 0, 0
657, 10, 0, 0, 0
658, 10, 0, 0, 0
659, 10, 0, 0, 0
660, 10, 0, 0, 0
661, 10, 0, 0, 0
662, 10, 0, 0, 0
663, 10, 0, 0, 0
664, 10, 0, 0, 0
665, 10, 0, 0, 0
666, 10, 0, 0, 0
667, 10, 0, 0, 0
668, 10, 0, 0, 0
669, 10, 0, 0, 0
670, 10, 0, 0, 0
671, 10, 0, 0, 0
672, 10, 0, 0, 0
673, 10, 0, 0, 0
674, 10, 0, 0, 0
675, 10, 0, 0, 0
676, 10, 0, 0, 0
677, 10, 0, 0, 0
678, 10, 0, 0, 0
679, 10, 0, 0, 0
680, 10, 0, 0, 0
681, 10, 0, 0, 0
682, 10, 0, 0, 0
683, 10, 0, 0, 0
684, 10, 0, 0, 0
685, 10, 0, 0, 0
686, 10, 0, 0, 0
687, 10, 0, 0, 0
688, 10, 0, 0, 0
689, 10, 0, 0, 0
690, 10, 0, 0, 0
691, 10, 0, 0, 0
692, 10, 0, 0, 0
693, 10, 0, 0, 0
694, 10, 0, 0, 0
695, 10, 0, 0, 0
696, 10, 0, 0, 0
697, 10, 0, 0, 0
698, 10, 0, 0, 0
699, 10, 0, 0, 0
700, 10, 0, 0, 0
701, 10, 0, 0, 0
702, 10, 0, 0, 0
703, 10, 0, 0, 0
704, 10, 0, 0, 0
705, 10, 0, 0, 0
706, 10, 0, 0, 0
707, 10, 0, 0, 0
708, 10, 0, 0, 0
708, 10, 0, 0, 0
709, 10, 0, 0, 0
710, 10, 0, 0, 0
711, 10, 0, 0, 0
712, 10, 0, 0, 0
713, 10, 0, 0, 0
714, 10, 0, 0, 0
715, 10, 0, 0, 0
716, 10, 0, 0, 0
717, 10, 0, 0, 0
718, 10, 0, 0, 0
719, 10, 0, 0, 0
720, 10, 0, 0, 0
721, 10, 0, 0, 0
722, 10, 0, 0, 0
722, 10, 0, 0, 0
723, 10, 0, 0, 0
724, 10, 0, 0, 0
725, 10, 0, 0, 0
726, 10, 0, 0, 0
727, 10, 0, 0, 0
728, 10, 0, 0, 0
729, 10, 0, 0, 0
730, 10, 0, 0, 0
731, 10, 0, 0, 0
732, 10, 0, 0, 0
733, 10, 0, 0, 0
734, 10, 0, 0, 0
734, 10, 0, 0, 0
735, 10, 0, 0, 0
736, 10, 0, 0, 0
737, 10, 0, 0, 0
738, 10, 0, 0, 0
739, 10, 0, 0, 0
740, 10, 0, 0, 0
741, 10, 0, 0, 0
742, 10, 0, 0, 0
743, 10, 0, 0, 0
744, 10, 0, 0, 0
745, 10, 0, 0, 0
746, 10, 0, 0, 0
747, 10, 0, 0, 0
748, 10, 0, 0, 0
749, 10, 0, 0, 0
750, 10, 0, 0, 0
751, 10, 0, 0, 0
752, 10, 0, 0, 0
753, 10, 0, 0, 0
753, 10, 0, 0, 0
754, 10, 0, 0, 0
755, 10, 0, 0, 0
756, 10, 0, 0, 0
757, 10, 0, 0, 0
758, 10, 0, 0, 0
759, 10, 0, 0, 0
760, 10, 0, 0, 0
761, 10, 0, 0, 0
762, 10, 0, 0, 0
763, 10, 0, 0, 0
764, 10, 0, 0, 0
765, 10, 0, 0, 0
766, 10, 0, 0, 0
767, 10, 0, 0, 0
768, 10, 0, 0, 0
769, 10, 0, 0, 0
770, 10, 0, 0, 0
771, 10, 0, 0, 0
772, 10, 0, 0, 0
773, 10, 0, 0, 0
774, 10, 0, 0, 0
775, 10, 0, 0, 0
776, 10, 0, 0, 0
777, 10, 0, 0, 0
778, 10, 0, 0, 0
779, 10, 0, 0, 0
780, 10, 0, 0, 0
780, 10, 0, 0, 0
780, 10, 0, 0, 0
781, 10, 0, 0, 0
782, 10, 0, 0, 0
783, 10, 0, 0, 0
784, 10, 0, 0, 0
785, 10, 0, 0, 0
786, 10, 0, 0, 0
787, 10, 0, 0, 0
788, 10, 0, 0, 0
789, 10, 0, 0, 0
790, 9, 1, 0, 0
791, 9, 1, 0, 0
792, 9, 1, 0, 0
793, 9, 1, 0, 0
793, 9, 1, 0, 0
794, 9, 1, 0, 0
795, 10, 0, 0, 0
796, 10, 0, 0, 0
797, 10, 0, 0, 0
798, 10, 0, 0, 0
799, 10, 0, 0, 0
800, 10, 0, 0, 0
801, 10, 0, 0, 0
802, 10, 0, 0, 0
803, 10, 0, 0, 0
804, 10, 0, 0, 0
805, 10, 0, 0, 0
806, 10, 0, 0, 0
807, 10, 0, 0, 0
808, 10, 0, 0, 0
809, 10, 0, 0, 0
810, 10, 0, 0, 0
811, 10, 0, 0, 0
812, 10, 0, 0, 0
813, 10, 0, 0, 0
814, 10, 0, 0, 0
815, 10, 0, 0, 0
816, 10, 0, 0, 0
817, 10, 0, 0, 0
818, 10, 0, 0, 0
819, 10, 0, 0, 0
820, 10, 0, 0, 0
821, 10, 0, 0, 0
822, 10, 0, 0, 0
823, 10, 0, 0, 0
824, 10, 0, 0, 0
825, 10, 0, 0, 0
826, 10, 0, 0, 0
827, 10, 0, 0, 0
828, 10, 0, 0, 0
829, 10, 0, 0, 0
830, 10, 0, 0, 0
831, 10, 0, 0, 0
832, 10, 0, 0, 0
833, 10, 0, 0, 0
834, 10, 0, 0, 0
835, 10, 0, 0, 0
836, 10, 0, 0, 0
837, 10, 0, 0, 0
838, 10, 0, 0, 0
839, 10, 0, 0, 0
840, 10, 0, 0, 0
841, 10, 0, 0, 0
842, 10, 0, 0, 0
843, 10, 0, 0, 0
844, 10, 0, 0, 0
845, 10, 0, 0, 0
846, 10, 0, 0, 0
847, 10, 0, 0, 0
848, 10, 0, 0, 0
849, 10, 0, 0, 0
850, 10, 0, 0, 0
851, 10, 0, 0, 0
852, 10, 0, 0, 0
853, 10, 0, 0, 0
854, 10, 0, 0, 0
855, 10, 0, 0, 0
856, 10, 0, 0, 0
857, 10, 0, 0, 0
858, 10, 0, 0, 0
859, 10, 0, 0, 0
860, 10, 0, 0, 0
861, 10, 0, 0, 0
862, 10, 0, 0, 0
863, 10, 0, 0, 0
864, 10, 0, 0, 0
865, 10, 0, 0, 0
866, 10, 0, 0, 0
867, 10, 0, 0, 0
868, 10, 0, 0, 0
869, 10, 0, 0, 0
870, 10, 0, 0, 0
871, 10, 0, 0, 0
872, 10, 0, 0, 0
873, 10, 0, 0, 0
874, 10, 0, 0, 0
875, 10, 0, 0, 0
876, 10, 0, 0, 0
877, 10, 0, 0, 0
878, 10, 0, 0, 0
879, 10, 0, 0, 0
880, 10, 0, 0, 0
881, 10, 0, 0, 0
882, 10, 0, 0, 0
883, 10, 0, 0, 0
884, 10, 0, 0, 0
885, 10, 0, 0, 0
886, 10, 0, 0, 0
887, 10, 0, 0, 0
888, 10, 0, 0, 0
889, 10, 0, 0, 0
890, 10, 0, 0, 0
891, 10, 0, 0, 0
892, 10, 0, 0, 0
893, 10, 0, 0, 0
894, 10, 0, 0, 0
895, 10, 0, 0, 0
896, 10, 0, 0, 0
897, 10, 0, 0, 0
898, 10, 0, 0, 0
899, 10, 0, 0, 0
900, 10, 0, 0, 0
901, 10, 0, 0, 0
902, 10, 0, 0, 0
903, 10, 0, 0, 0
904, 10, 0, 0, 0
905, 10, 0, 0, 0
906, 10, 0, 0, 0
907, 10, 0, 0, 0
908, 10, 0, 0, 0
909, 10, 0, 0, 0
910, 10, 0, 0, 0
911, 10, 0, 0, 0
912, 10, 0, 0, 0
913, 10, 0, 0, 0
914, 10, 0, 0, 0
915, 10, 0, 0, 0
916, 10, 0, 0, 0
917, 10, 0, 0, 0
918, 10, 0, 0, 0
918, 10, 0, 0, 0
919, 10, 0, 0, 0
920, 10, 0, 0, 0
921, 10, 0, 0, 0
922, 10, 0, 0, 0
923, 10, 0, 0, 0
924, 10, 0, 0, 0
925, 10, 0, 0, 0
926, 10, 0, 0, 0
927, 10, 0, 0, 0
928, 10, 0, 0, 0
929, 10, 0, 0, 0
930, 10, 0, 0, 0
931, 10, 0, 0, 0
932, 10, 0, 0, 0
933, 10, 0, 0, 0
934, 10, 0, 0, 0
935, 10, 0, 0, 0
936, 10, 0, 0, 0
937, 10, 0, 0, 0
938, 10, 0, 0, 0
938, 10, 0, 0, 0
939, 10, 0, 0, 0
939, 10, 0, 0, 0
940, 10, 0, 0, 0
941, 10, 0, 0, 0
942, 10, 0, 0, 0
943, 10, 0, 0, 0
944, 10, 0, 0, 0
945, 10, 0, 0, 0
946, 10, 0, 0, 0
947, 10, 0, 0, 0
948, 10, 0, 0, 0
949, 10, 0, 0, 0
950, 10, 0, 0, 0
950, 10, 0, 0, 0
951, 10, 0, 0, 0
952, 10, 0, 0, 0
953, 10, 0, 0, 0
954, 10, 0, 0, 0
954, 10, 0, 0, 0
955, 10, 0, 0, 0
956, 10, 0, 0, 0
957, 10, 0, 0, 0
958, 10, 0, 0, 0
959, 10, 0, 0, 0
960, 10, 0, 0, 0
961, 10, 0, 0, 0
962, 10, 0, 0, 0
963, 10, 0, 0, 0
964, 10, 0, 0, 0
965, 10, 0, 0, 0
966, 10, 0, 0, 0
966, 10, 0, 0, 0
967, 10, 0, 0, 0
968, 10, 0, 0, 0
969, 10, 0, 0, 0
970, 10, 0, 0, 0
971, 10, 0, 0, 0
972, 10, 0, 0, 0
973, 10, 0, 0, 0
974, 10, 0, 0, 0
975, 10, 0, 0, 0
976, 10, 0, 0, 0
977, 10, 0, 0, 0
978, 10, 0, 0, 0
979, 10, 0, 0, 0
980, 10, 0, 0, 0
981, 10, 0, 0, 0
982, 10, 0, 0, 0
983, 10, 0, 0, 0
984, 10, 0, 0, 0
985, 10, 0, 0, 0
986, 10, 0, 0, 0
987, 10, 0, 0, 0
988, 10, 0, 0, 0
989, 10, 0, 0, 0
990, 10, 0, 0, 0
991, 10, 0, 0, 0
992, 10, 0, 0, 0
993, 10, 0, 0, 0
994, 10, 0, 0, 0
995, 10, 0, 0, 0
996, 10, 0, 0, 0
997, 10, 0, 0, 0
998, 10, 0, 0, 0
999, 10, 0, 0, 0
1000, 10, 0, 0, 0
1001, 10, 0, 0, 0
1002, 10, 0, 0, 0
1003, 10, 0, 0, 0
1004, 10, 0, 0, 0
1005, 10, 0, 0, 0
1006, 10, 0, 0, 0
1007, 10, 0, 0, 0
1008, 10, 0, 0, 0
1009, 10, 0, 0, 0
1010, 10, 0, 0, 0
1011, 10, 0, 0, 0
1012, 10, 0, 0, 0
1013, 10, 0, 0, 0
1014, 10, 0, 0, 0
1015, 10, 0, 0, 0
1016, 10, 0, 0, 0
1017, 10, 0, 0, 0
1018, 10, 0, 0, 0
1019, 10, 0, 0, 0
1020, 10, 0, 0, 0
1021, 10, 0, 0, 0
1022, 10, 0, 0, 0
1023, 10, 0, 0, 0
1024, 10, 0, 0, 0
1025, 10, 0, 0, 0
1026, 10, 0, 0, 0
1027, 10, 0, 0, 0
1028, 10, 0, 0, 0
1029, 10, 0, 0, 0
1030, 10, 0, 0, 0
1031, 10, 0, 0, 0
1032, 10, 0, 0, 0
1033, 10, 0, 0, 0
1034, 10, 0, 0, 0
1035, 10, 0, 0, 0
1036, 10, 0, 0, 0
1037, 10, 0, 0, 0
1038, 10, 0, 0, 0
1039, 10, 0, 0, 0
1040, 10, 0, 0, 0
1041, 10, 0, 0, 0
1042, 10, 0, 0, 0
1043, 10, 0, 0, 0
1044, 10, 0, 0, 0
1045, 10, 0, 0, 0
1046, 10, 0, 0, 0
1047, 10, 0, 0, 0
1048, 10, 0, 0, 0
1049, 10, 0, 0, 0
1050, 10, 0, 0, 0
1051, 10, 0, 0, 0
1052, 10, 0, 0, 0
1053, 10, 0, 0, 0
1054, 10, 0, 0, 0
1055, 10, 0, 0, 0
1056, 10, 0, 0, 0
1057, 10, 0, 0, 0
1058, 10, 0, 0, 0
1058, 10, 0, 0, 0
1059, 10, 0, 0, 0
1060, 10, 0, 0, 0
1060, 10, 0, 0, 0
1061, 10, 0, 0, 0
1061, 10, 0, 0, 0
1062, 10, 0, 0, 0
1063, 10, 0, 0, 0
1064, 10, 0, 0, 0
1065, 10, 0, 0, 0
1066, 10, 0, 0, 0
1067, 10, 0, 0, 0
1068, 10, 0, 0, 0
1069, 10, 0, 0, 0
1070, 10, 0, 0, 0
1071, 10, 0, 0, 0
1071, 10, 0, 0, 0
1071, 10, 0, 0, 0
1072, 10, 0, 0, 0
1072, 10, 0, 0, 0
1072, 10, 0, 0, 0
1072, 10, 0, 0, 0
1073, 10, 0, 0, 0
1074, 10, 0, 0, 0
1075, 10, 0, 0, 0
1075, 10, 0, 0, 0
1076, 10, 0, 0, 0
1077, 10, 0, 0, 0
1078, 10, 0, 0, 0
1079, 10, 0, 0, 0
1080, 10, 0, 0, 0
1081, 10, 0, 0, 0
1082, 10, 0, 0, 0
1083, 10, 0, 0, 0
1084, 10, 0, 0, 0
1085, 10, 0, 0, 0
1086, 10, 0, 0, 0
1087, 10, 0, 0, 0
1088, 10, 0, 0, 0
1089, 10, 0, 0, 0
1090, 10, 0, 0, 0
1091, 10, 0, 0, 0
1092, 10, 0, 0, 0
1093, 10, 0, 0, 0
1094, 10, 0, 0, 0
1095, 10, 0, 0, 0
1096, 10, 0, 0, 0
1097, 10, 0, 0, 0
1098, 10, 0, 0, 0
1099, 10, 0, 0, 0
1100, 10, 0, 0, 0
1101, 10, 0, 0, 0
1102, 10, 0, 0, 0
1103, 10, 0, 0, 0
1104, 10, 0, 0, 0
1105, 10, 0, 0, 0
1106, 10, 0, 0, 0
1107, 10, 0, 0, 0
1108, 10, 0, 0, 0
1109, 10, 0, 0, 0
1110, 10, 0, 0, 0
1111, 10, 0, 0, 0
1112, 10, 0, 0, 0
1113, 10, 0, 0, 0
1113, 10, 0, 0, 0
1114, 10, 0, 0, 0
1115, 10, 0, 0, 0
1116, 10, 0, 0, 0
1117, 10, 0, 0, 0
1118, 10, 0, 0, 0
1119, 10, 0, 0, 0
1120, 10, 0, 0, 0
1121, 10, 0, 0, 0
1122, 10, 0, 0, 0
1123, 10, 0, 0, 0
1124, 10, 0, 0, 0
1125, 10, 0, 0, 0
1126, 10, 0, 0, 0
1127, 10, 0, 0, 0
1128, 10, 0, 0, 0
1129, 10, 0, 0, 0
1129, 10, 0, 0, 0
1130, 10, 0, 0, 0
1131, 10, 0, 0, 0
1132, 10, 0, 0, 0
1133, 10, 0, 0, 0
1134, 10, 0, 0, 0
1135, 10, 0, 0, 0
1135, 10, 0, 0, 0
1136, 10, 0, 0, 0
1137, 10, 0, 0, 0
1138, 10, 0, 0, 0
1139, 10, 0, 0, 0
1140, 10, 0, 0, 0
1141, 10, 0, 0, 0
1142, 10, 0, 0, 0
1143, 10, 0, 0, 0
1144, 10, 0, 0, 0
1145, 10, 0, 0, 0
1146, 10, 0, 0, 0
1147, 10, 0, 0, 0
1148, 10, 0, 0, 0
1149, 10, 0, 0, 0
1150, 10, 0, 0, 0
1151, 10, 0, 0, 0
1152, 10, 0, 0, 0
1153, 10, 0, 0, 0
1154, 10, 0, 0, 0
1155, 10, 0, 0, 0
1156, 10, 0, 0, 0
1157, 10, 0, 0, 0
1158, 10, 0, 0, 0
1159, 10, 0, 0, 0
1160, 10, 0, 0, 0
1161, 10, 0, 0, 0
1162, 10, 0, 0, 0
1163, 10, 0, 0, 0
1164, 10, 0, 0, 0
1165, 10, 0, 0, 0
1166, 10, 0, 0, 0
1167, 10, 0, 0, 0
1168, 10, 0, 0, 0
1169, 10, 0, 0, 0
1170, 10, 0, 0, 0
1171, 10, 0, 0, 0
1172, 10, 0, 0, 0
1173, 10, 0, 0, 0
1174, 10, 0, 0, 0
1175, 10, 0, 0, 0
1176, 10, 0, 0, 0
1177, 10, 0, 0, 0
1178, 10, 0, 0, 0
1179, 10, 0, 0, 0
1180, 10, 0, 0, 0
1181, 10, 0, 0, 0
1182, 10, 0, 0, 0
1183, 10, 0, 0, 0
1184, 10, 0, 0, 0
1185, 10, 0, 0, 0
1186, 10, 0, 0, 0
1187, 10, 0, 0, 0
1188, 10, 0, 0, 0
1189, 10, 0, 0, 0
1190, 10, 0, 0, 0
1191, 10, 0, 0, 0
1192, 10, 0, 0, 0
1193, 10, 0, 0, 0
1194, 10, 0, 0, 0
1195, 10, 0, 0, 0
1196, 10, 0, 0, 0
1197, 10, 0, 0, 0
1198, 10, 0, 0, 0
1199, 10, 0, 0, 0
1200, 10, 0, 0, 0
1201, 10, 0, 0, 0
1202, 10, 0, 0, 0
1203, 10, 0, 0, 0
1204, 10, 0, 0, 0
1205, 10, 0, 0, 0
1206, 10, 0, 0, 0
1207, 10, 0, 0, 0
1208, 10, 0, 0, 0
1209, 10, 0, 0, 0
1210, 10, 0, 0, 0
1211, 10, 0, 0, 0
1212, 10, 0, 0, 0
1213, 10, 0, 0, 0
1214, 10, 0, 0, 0
1215, 10, 0, 0, 0
1216, 10, 0, 0, 0
1217, 10, 0, 0, 0
1218, 10, 0, 0, 0
1218, 10, 0, 0, 0
1219, 10, 0, 0, 0
1220, 10, 0, 0, 0
1220, 10, 0, 0, 0
1221, 10, 0, 0, 0
1222, 10, 0, 0, 0
1222, 10, 0, 0, 0
1223, 10, 0, 0, 0
1224, 10, 0, 0, 0
1225, 10, 0, 0, 0
1226, 10, 0, 0, 0
1227, 10, 0, 0, 0
1227, 10, 0, 0, 0
1228, 10, 0, 0, 0
1228, 10, 0, 0, 0
1228, 10, 0, 0, 0
1229, 10, 0, 0, 0
1230, 10, 0, 0, 0
1230, 10, 0, 0, 0
1231, 10, 0, 0, 0
1232, 10, 0, 0, 0
1233, 10, 0, 0, 0
1234, 10, 0, 0, 0
1235, 10, 0, 0, 0
1236, 10, 0, 0, 0
1237, 10, 0, 0, 0
1238, 10, 0, 0, 0
1238, 10, 0, 0, 0
1238, 10, 0, 0, 0
1239, 10, 0, 0, 0
1239, 10, 0, 0, 0
1239, 10, 0, 0, 0
1240, 10, 0, 0, 0
1241, 10, 0, 0, 0
1241, 10, 0, 0, 0
1242, 10, 0, 0, 0
1243, 10, 0, 0, 0
1243, 10, 0, 0, 0
1244, 10, 0, 0, 0
1245, 10, 0, 0, 0
1246, 10, 0, 0, 0
1247, 10, 0, 0, 0
1248, 10, 0, 0, 0
1249, 10, 0, 0, 0
1250, 10, 0, 0, 0
1251, 10, 0, 0, 0
1252, 8, 2, 0, 0
1252, 8, 2, 0, 0
1253, 8, 2, 0, 0
1253, 8, 2, 0, 0
1254, 9, 1, 0, 0
1255, 9, 1, 0, 0
1256, 9, 1, 0, 0
1257, 9, 1, 0, 0
1257, 9, 1, 0, 0
1257, 9, 1, 0, 0
1258, 9, 1, 0, 0
1259, 9, 1, 0, 0
1260, 9, 1, 0, 0
1261, 10, 0, 0, 0
1262, 10, 0, 0, 0
1263, 10, 0, 0, 0
1263, 10, 0, 0, 0
1264, 10, 0, 0, 0
1265, 10, 0, 0, 0
1265, 10, 0, 0, 0
1266, 10, 0, 0, 0
1267, 10, 0, 0, 0
1267, 10, 0, 0, 0
1268, 10, 0, 0, 0
1269, 10, 0, 0, 0
1270, 10, 0, 0, 0
1271, 10, 0, 0, 0
1272, 10, 0, 0, 0
1273, 10, 0, 0, 0
1274, 10, 0, 0, 0
1275, 10, 0, 0, 0
1275, 10, 0, 0, 0
1276, 10, 0, 0, 0
1276, 10, 0, 0, 0
1277, 10, 0, 0, 0
1278, 10, 0, 0, 0
1279, 10, 0, 0, 0
1280, 10, 0, 0, 0
1281, 10, 0, 0, 0
1282, 10, 0, 0, 0
1283, 10, 0, 0, 0
1284, 10, 0, 0, 0
1285, 10, 0, 0, 0
1286, 10, 0, 0, 0
1287, 10, 0, 0, 0
1288, 10, 0, 0, 0
1289, 10, 0, 0, 0
1290, 10, 0, 0, 0
1291, 10, 0, 0, 0
1292, 10, 0, 0, 0
1293, 10, 0, 0, 0
1294, 10, 0, 0, 0
1295, 10, 0, 0, 0
1296, 10, 0, 0, 0
1297, 10, 0, 0, 0
1298, 10, 0, 0, 0
1299, 10, 0, 0, 0
1300, 10, 0, 0, 0
1301, 10, 0, 0, 0
1302, 10, 0, 0, 0
1303, 10, 0, 0, 0
1303, 10, 0, 0, 0
1304, 10, 0, 0, 0
1305, 10, 0, 0, 0
1306, 10, 0, 0, 0
1307, 10, 0, 0, 0
1308, 10, 0, 0, 0
1308, 10, 0, 0, 0
1309, 10, 0, 0, 0
1310, 10, 0, 0, 0
1311, 10, 0, 0, 0
1312, 10, 0, 0, 0
1313, 10, 0, 0, 0
1314, 10, 0, 0, 0
1315, 10, 0, 0, 0
1316, 10, 0, 0, 0
1317, 10, 0, 0, 0
1317, 10, 0, 0, 0
1317, 10, 0, 0, 0
1317, 10, 0, 0, 0
1318, 10, 0, 0, 0
1318, 10, 0, 0, 0
1318, 10, 0, 0, 0
1319, 10, 0, 0, 0
1320, 10, 0, 0, 0
1321, 10, 0, 0, 0
1322, 10, 0, 0, 0
1322, 10, 0, 0, 0
1322, 10, 0, 0, 0
1322, 10, 0, 0, 0
1322, 10, 0, 0, 0
1323, 10, 0, 0, 0
1324, 10, 0, 0, 0
1325, 10, 0, 0, 0
1325, 10, 0, 0, 0
1325, 10, 0, 0, 0
1325, 10, 0, 0, 0
1326, 10, 0, 0, 0
1326, 10, 0, 0, 0
1327, 10, 0, 0, 0
1328, 10, 0, 0, 0
1329, 10, 0, 0, 0
1329, 10, 0, 0, 0
1329, 10, 0, 0, 0
1330, 10, 0, 0, 0
1331, 10, 0, 0, 0
1332, 10, 0, 0, 0
1333, 10, 0, 0, 0
1334, 10, 0, 0, 0
1334, 10, 0, 0, 0
1335, 10, 0, 0, 0
1336, 10, 0, 0, 0
1337, 10, 0, 0, 0
1337, 10, 0, 0, 0
1337, 10, 0, 0, 0
1337, 10, 0, 0, 0
1338, 10, 0, 0, 0
1339, 10, 0, 0, 0
1339, 10, 0, 0, 0
1339, 10, 0, 0, 0
1339, 10, 0, 0, 0
1340, 10, 0, 0, 0
1341, 10, 0, 0, 0
1341, 10, 0, 0, 0
1342, 5, 5, 0, 0
1343, 6, 4, 0, 0
1344, 6, 4, 0, 0
1345, 7, 3, 0, 0
1346, 7, 3, 0, 0
1346, 7, 3, 0, 0
1347, 7, 3, 0, 0
1347, 7, 3, 0, 0
1348, 8, 2, 0, 0
1349, 8, 2, 0, 0
1350, 8, 2, 0, 0
1350, 8, 2, 0, 0
1350, 8, 2, 0, 0
1351, 9, 1, 0, 0
1351, 9, 1, 0, 0
1352, 9, 1, 0, 0
1353, 9, 1, 0, 0
1354, 9, 1, 0, 0
1355, 9, 1, 0, 0
1356, 9, 1, 0, 0
1357, 9, 1, 0, 0
1358, 9, 1, 0, 0
1359, 9, 1, 0, 0
1359, 9, 1, 0, 0
1360, 9, 1, 0, 0
1361, 9, 1, 0, 0
1362, 9, 1, 0, 0
1362, 9, 1, 0, 0
1363, 9, 1, 0, 0
1364, 9, 1, 0, 0
1364, 9, 1, 0, 0
1364, 9, 1, 0, 0
1365, 9, 1, 0, 0
1366, 9, 1, 0, 0
1367, 9, 1, 0, 0
1368, 9, 1, 0, 0
1368, 9, 1, 0, 0
1369, 10, 0, 0, 0
1370, 10, 0, 0, 0
1371, 10, 0, 0, 0
1372, 10, 0, 0, 0
1372, 10, 0, 0, 0
1373, 10, 0, 0, 0
1374, 10, 0, 0, 0
1374, 10, 0, 0, 0
1375, 10, 0, 0, 0
1376, 10, 0, 0, 0
1377, 10, 0, 0, 0
1378, 10, 0, 0, 0
1379, 10, 0, 0, 0
1380, 10, 0, 0, 0
1381, 10, 0, 0, 0
1382, 10, 0, 0, 0
1383, 10, 0, 0, 0
1384, 10, 0, 0, 0
1385, 10, 0, 0, 0
1385, 10, 0, 0, 0
1386, 10, 0, 0, 0
1386, 10, 0, 0, 0
1387, 10, 0, 0, 0
1388, 3, 7, 0, 0
1389, 3, 7, 0, 0
1390, 3, 7, 0, 0
1391, 4, 6, 0, 0
1392, 4, 6, 0, 0
1393, 7, 3, 0, 0
1393, 7, 3, 0, 0
1393, 7, 3, 0, 0
1393, 7, 3, 0, 0
1394, 8, 2, 0, 0
1395, 8, 2, 0, 0
1396, 8, 2, 0, 0
1397, 8, 2, 0, 0
1398, 8, 2, 0, 0
1399, 8, 2, 0, 0
1399, 8, 2, 0, 0
1400, 8, 2, 0, 0
1401, 9, 1, 0, 0
1402, 10, 0, 0, 0
1403, 10, 0, 0, 0
1404, 10, 0, 0, 0
1405, 10, 0, 0, 0
1406, 10, 0, 0, 0
1407, 10, 0, 0, 0
1408, 10, 0, 0, 0
1409, 10, 0, 0, 0
1410, 10, 0, 0, 0
1411, 10, 0, 0, 0
1412, 10, 0, 0, 0
1413, 10, 0, 0, 0
1414, 10, 0, 0, 0
1415, 10, 0, 0, 0
1416, 10, 0, 0, 0
1417, 10, 0, 0, 0
1418, 10, 0, 0, 0
1419, 10, 0, 0, 0
1420, 10, 0, 0, 0
1421, 10, 0, 0, 0
1422, 10, 0, 0, 0
1423, 10, 0, 0, 0
1424, 10, 0, 0, 0
1425, 10, 0, 0, 0
1426, 10, 0, 0, 0
1427, 10, 0, 0, 0
1428, 10, 0, 0, 0
1429, 10, 0, 0, 0
1430, 10, 0, 0, 0
1431, 10, 0, 0, 0
1432, 10, 0, 0, 0
1433, 10, 0, 0, 0
1434, 10, 0, 0, 0
1435, 10, 0, 0, 0
1436, 10, 0, 0, 0
1437, 10, 0, 0, 0
1438, 10, 0, 0, 0
1439, 10, 0, 0, 0
1440, 10, 0, 0, 0
1441, 10, 0, 0, 0
1442, 10, 0, 0, 0
1443, 10, 0, 0, 0
1444, 10, 0, 0, 0
1445, 10, 0, 0, 0
1446, 10, 0, 0, 0
1447, 10, 0, 0, 0
1448, 10, 0, 0, 0
1449, 10, 0, 0, 0
1450, 10, 0, 0, 0
1451, 10, 0, 0, 0
1452, 10, 0, 0, 0
1453, 10, 0, 0, 0
1454, 10, 0, 0, 0
1455, 10, 0, 0, 0
1456, 10, 0, 0, 0
1457, 10, 0, 0, 0
1458, 10, 0, 0, 0
1459, 10, 0, 0, 0
1460, 10, 0, 0, 0
1461, 10, 0, 0, 0
1462, 10, 0, 0, 0
1463, 10, 0, 0, 0
1464, 10, 0, 0, 0
1465, 10, 0, 0, 0
1466, 10, 0, 0, 0
1467, 10, 0, 0, 0
1468, 10, 0, 0, 0
1469, 10, 0, 0, 0
1470, 10, 0, 0, 0
1471, 10, 0, 0, 0
1472, 10, 0, 0, 0
1473, 10, 0, 0, 0
1474, 10, 0, 0, 0
1475, 10, 0, 0, 0
1476, 10, 0, 0, 0
1477, 10, 0, 0, 0
1478, 10, 0, 0, 0
1479, 10, 0, 0, 0
1480, 10, 0, 0, 0
1481, 10, 0, 0, 0
1482, 10, 0, 0, 0
1483, 10, 0, 0, 0
1484, 10, 0, 0, 0
1485, 10, 0, 0, 0
1486, 10, 0, 0, 0
1487, 10, 0, 0, 0
1488, 10, 0, 0, 0
1489, 10, 0, 0, 0
1490, 10, 0, 0, 0
1491, 10, 0, 0, 0
1492, 10, 0, 0, 0
1493, 10, 0, 0, 0
1494, 10, 0, 0, 0
1495, 10, 0, 0, 0
1496, 10, 0, 0, 0
1497, 10, 0, 0, 0
1498, 10, 0, 0, 0
1499, 10, 0, 0, 0
1500, 10, 0, 0, 0
1501, 10, 0, 0, 0
1502, 10, 0, 0, 0
1503, 10, 0, 0, 0
1504, 10, 0, 0, 0
1505, 10, 0, 0, 0
1506, 10, 0, 0, 0
1507, 10, 0, 0, 0
1508, 10, 0, 0, 0
1509, 10, 0, 0, 0
1510, 10, 0, 0, 0
1511, 10, 0, 0, 0
1512, 10, 0, 0, 0
1513, 10, 0, 0, 0
1514, 10, 0, 0, 0
1515, 10, 0, 0, 0
1516, 10, 0, 0, 0
1517, 10, 0, 0, 0
1518, 10, 0, 0, 0
1519, 10, 0, 0, 0
1520, 10, 0, 0, 0
1521, 10, 0, 0, 0
1522, 10, 0, 0, 0
1523, 10, 0, 0, 0
1524, 10, 0, 0, 0
1525, 10, 0, 0, 0
1526, 10, 0, 0, 0
1527, 10, 0, 0, 0
1528, 10, 0, 0, 0
1529, 10, 0, 0, 0
1530, 10, 0, 0, 0
1531, 10, 0, 0, 0
1532, 10, 0, 0, 0
1533, 10, 0, 0, 0
1534, 10, 0, 0, 0
1535, 10, 0, 0, 0
1536, 10, 0, 0, 0
1537, 10, 0, 0, 0
1538, 10, 0, 0, 0
1539, 10, 0, 0, 0
1540, 10, 0, 0, 0
1541, 10, 0, 0, 0
1542, 10, 0, 0, 0
1543, 10, 0, 0, 0
1544, 10, 0, 0, 0
1545, 10, 0, 0, 0
1546, 10, 0, 0, 0
1547, 10, 0, 0, 0
1548, 10, 0, 0, 0
1549, 10, 0, 0, 0
1550, 10, 0, 0, 0
1551, 10, 0, 0, 0
1552, 10, 0, 0, 0
1553, 10, 0, 0, 0
1553, 10, 0, 0, 0
1554, 10, 0, 0, 0
1555, 10, 0, 0, 0
1556, 10, 0, 0, 0
1557, 10, 0, 0, 0
1558, 10, 0, 0, 0
1559, 10, 0, 0, 0
1560, 10, 0, 0, 0
1561, 10, 0, 0, 0
1562, 10, 0, 0, 0
1563, 10, 0, 0, 0
1564, 10, 0, 0, 0
1565, 10, 0, 0, 0
1565, 10, 0, 0, 0
1566, 10, 0, 0, 0
1567, 10, 0, 0, 0
1568, 10, 0, 0, 0
1569, 10, 0, 0, 0
1569, 10, 0, 0, 0
1570, 10, 0, 0, 0
1571, 10, 0, 0, 0
1572, 10, 0, 0, 0
1572, 10, 0, 0, 0
1573, 10, 0, 0, 0
1574, 10, 0, 0, 0
1575, 10, 0, 0, 0
1575, 10, 0, 0, 0
1576, 10, 0, 0, 0
1576, 10, 0, 0, 0
1577, 10, 0, 0, 0
1577, 10, 0, 0, 0
1578, 9, 1, 0, 0
1579, 10, 0, 0, 0
1580, 10, 0, 0, 0
1581, 10, 0, 0, 0
1582, 10, 0, 0, 0
1583, 10, 0, 0, 0
1584, 10, 0, 0, 0
1585, 10, 0, 0, 0
1586, 10, 0, 0, 0
1587, 10, 0, 0, 0
1588, 10, 0, 0, 0
1589, 10, 0, 0, 0
1590, 10, 0, 0, 0
1591, 10, 0, 0, 0
1592, 10, 0, 0, 0
1593, 10, 0, 0, 0
1594, 10, 0, 0, 0
1595, 10, 0, 0, 0
1596, 10, 0, 0, 0
1597, 10, 0, 0, 0
1598, 10, 0, 0, 0
1599, 10, 0, 0, 0
1600, 10, 0, 0, 0
1600, 10, 0, 0, 0
1601, 10, 0, 0, 0
1602, 10, 0, 0, 0
1603, 10, 0, 0, 0
1604, 10, 0, 0, 0
1605, 10, 0, 0, 0
1606, 10, 0, 0, 0
1607, 10, 0, 0, 0
1608, 10, 0, 0, 0
1609, 10, 0, 0, 0
1609, 10, 0, 0, 0
1609, 10, 0, 0, 0
1610, 10, 0, 0, 0
1611, 10, 0, 0, 0
1612, 10, 0, 0, 0
1613, 10, 0, 0, 0
1614, 10, 0, 0, 0
1615, 10, 0, 0, 0
1616, 10, 0, 0, 0
1617, 10, 0, 0, 0
1618, 10, 0, 0, 0
1619, 10, 0, 0, 0
1620, 10, 0, 0, 0
1621, 10, 0, 0, 0
1622, 10, 0, 0, 0
1623, 10, 0, 0, 0
1624, 10, 0, 0, 0
1625, 10, 0, 0, 0
1626, 10, 0, 0, 0
1627, 10, 0, 0, 0
1628, 10, 0, 0, 0
1629, 10, 0, 0, 0
1630, 10, 0, 0, 0
1631, 10, 0, 0, 0
1632, 10, 0, 0, 0
1633, 10, 0, 0, 0
1634, 10, 0, 0, 0
1635, 10, 0, 0, 0
1636, 10, 0, 0, 0
1637, 10, 0, 0, 0
1638, 10, 0, 0, 0
1639, 10, 0, 0, 0
1640, 10, 0, 0, 0
1641, 10, 0, 0, 0
1642, 10, 0, 0, 0
1643, 10, 0, 0, 0
1644, 10, 0, 0, 0
1645, 10, 0, 0, 0
1646, 10, 0, 0, 0
1647, 10, 0, 0, 0
1648, 10, 0, 0, 0
1649, 10, 0, 0, 0
1650, 10, 0, 0, 0
1651, 10, 0, 0, 0
1652, 10, 0, 0, 0
1653, 10, 0, 0, 0
1654, 10, 0, 0, 0
1655, 10, 0, 0, 0
1656, 10, 0, 0, 0
1657, 10, 0, 0, 0
1658, 10, 0, 0, 0
1659, 10, 0, 0, 0
1660, 10, 0, 0, 0
1661, 10, 0, 0, 0
1662, 10, 0, 0, 0
1663, 10, 0, 0, 0
1664, 10, 0, 0, 0
1665, 10, 0, 0, 0
1666, 10, 0, 0, 0
1666, 10, 0, 0, 0
1667, 10, 0, 0, 0
1668, 10, 0, 0, 0
1669, 10, 0, 0, 0
1670, 10, 0, 0, 0
1671, 10, 0, 0, 0
1672, 10, 0, 0, 0
1673, 10, 0, 0, 0
1674, 10, 0, 0, 0
1675, 10, 0, 0, 0
1676, 10, 0, 0, 0
1677, 10, 0, 0, 0
1678, 10, 0, 0, 0
1679, 10, 0, 0, 0
1680, 10, 0, 0, 0
1681, 10, 0, 0, 0
1682, 10, 0, 0, 0
1683, 10, 0, 0, 0
1683, 10, 0, 0, 0
1684, 10, 0, 0, 0
1685, 10, 0, 0, 0
1686, 10, 0, 0, 0
1687, 10, 0, 0, 0
1687, 10, 0, 0, 0
1688, 10, 0, 0, 0
1689, 10, 0, 0, 0
1690, 10, 0, 0, 0
1691, 10, 0, 0, 0
1692, 10, 0, 0, 0
1693, 10, 0, 0, 0
1694, 10, 0, 0, 0
1695, 10, 0, 0, 0
1696, 10, 0, 0, 0
1697, 10, 0, 0, 0
1698, 10, 0, 0, 0
1699, 10, 0, 0, 0
1700, 10, 0, 0, 0
1701, 10, 0, 0, 0
1702, 10, 0, 0, 0
1703, 10, 0, 0, 0
1704, 10, 0, 0, 0
1705, 10, 0, 0, 0
1706, 10, 0, 0, 0
1707, 10, 0, 0, 0
1708, 10, 0, 0, 0
1709, 10, 0, 0, 0
1710, 10, 0, 0, 0
1711, 10, 0, 0, 0
1712, 10, 0, 0, 0
1713, 10, 0, 0, 0
1714, 10, 0, 0, 0
1715, 10, 0, 0, 0
1716, 10, 0, 0, 0
1717, 10, 0, 0, 0
1718, 10, 0, 0, 0
1719, 10, 0, 0, 0
1720, 10, 0, 0, 0
1721, 10, 0, 0, 0
1722, 10, 0, 0, 0
1723, 10, 0, 0, 0
1724, 10, 0, 0, 0
1725, 10, 0, 0, 0
1726, 10, 0, 0, 0
1727, 10, 0, 0, 0
1728, 10, 0, 0, 0
1729, 10, 0, 0, 0
1730, 10, 0, 0, 0
1731, 10, 0, 0, 0
1732, 10, 0, 0, 0
1733, 10, 0, 0, 0
1734, 10, 0, 0, 0
1735, 10, 0, 0, 0
1736, 10, 0, 0, 0
1737, 10, 0, 0, 0
1738, 10, 0, 0, 0
1739, 10, 0, 0, 0
1740, 10, 0, 0, 0
1741, 10, 0, 0, 0
1742, 10, 0, 0, 0
1743, 10, 0, 0, 0
1744, 10, 0, 0, 0
1745, 10, 0, 0, 0
1746, 10, 0, 0, 0
1747, 10, 0, 0, 0
1748, 10, 0, 0, 0
1749, 10, 0, 0, 0
1750, 10, 0, 0, 0
1751, 10, 0, 0, 0
1752, 10, 0, 0, 0
1753, 10, 0, 0, 0
1754, 10, 0, 0, 0
1755, 10, 0, 0, 0
1756, 10, 0, 0, 0
1757, 10, 0, 0, 0
1758, 10, 0, 0, 0
1759, 10, 0, 0, 0
1760, 10, 0, 0, 0
1761, 10, 0, 0, 0
1762, 10, 0, 0, 0
1763, 10, 0, 0, 0
1764, 10, 0, 0, 0
1765, 10, 0, 0, 0
1766, 10, 0, 0, 0
1767, 10, 0, 0, 0
1768, 10, 0, 0, 0
1769, 10, 0, 0, 0
1770, 10, 0, 0, 0
1771, 10, 0, 0, 0
1772, 10, 0, 0, 0
1773, 10, 0, 0, 0
1774, 10, 0, 0, 0
1775, 10, 0, 0, 0
1776, 10, 0, 0, 0
1777, 10, 0, 0, 0
1778, 10, 0, 0, 0
1779, 10, 0, 0, 0
1780, 10, 0, 0, 0
1781, 10, 0, 0, 0
1782, 10, 0, 0, 0
1783, 10, 0, 0, 0
1784, 10, 0, 0, 0
1785, 10, 0, 0, 0
1786, 10, 0, 0, 0
1787, 10, 0, 0, 0
1788, 10, 0, 0, 0
1789, 10, 0, 0, 0
1790, 10, 0, 0, 0
1791, 10, 0, 0, 0
1792, 10, 0, 0, 0
1793, 10, 0, 0, 0
1794, 10, 0, 0, 0
1795, 10, 0, 0, 0
1796, 10, 0, 0, 0
1797, 10, 0, 0, 0
1798, 10, 0, 0, 0
1799, 10, 0, 0, 0
1800, 10, 0, 0, 0
1801, 10, 0, 0, 0
1802, 10, 0, 0, 0
1803, 10, 0, 0, 0
1804, 10, 0, 0, 0
1805, 10, 0, 0, 0
1806, 10, 0, 0, 0
1807, 10, 0, 0, 0
1808, 10, 0, 0, 0
1809, 10, 0, 0, 0
1810, 10, 0, 0, 0
1811, 10, 0, 0, 0
1812, 10, 0, 0, 0
1813, 10, 0, 0, 0
1814, 10, 0, 0, 0
1814, 10, 0, 0, 0
1815, 10, 0, 0, 0
1816, 10, 0, 0, 0
1817, 10, 0, 0, 0
1818, 10, 0, 0, 0
1819, 10, 0, 0, 0
1819, 10, 0, 0, 0
1819, 10, 0, 0, 0
1820, 10, 0, 0, 0
1821, 10, 0, 0, 0
1822, 10, 0, 0, 0
1823, 10, 0, 0, 0
1824, 3, 7, 0, 0
1824, 3, 7, 0, 0
1825, 3, 7, 0, 0
1825, 3, 7, 0, 0
1825, 3, 7, 0, 0
1826, 10, 0, 0, 0
1826, 10, 0, 0, 0
1827, 10, 0, 0, 0
1828, 10, 0, 0, 0
1829, 10, 0, 0, 0
1830, 10, 0, 0, 0
1831, 10, 0, 0, 0
1831, 10, 0, 0, 0
1832, 10, 0, 0, 0
1833, 10, 0, 0, 0
1833, 10, 0, 0, 0
1833, 10, 0, 0, 0
1834, 10, 0, 0, 0
1834, 10, 0, 0, 0
1835, 10, 0, 0, 0
1836, 10, 0, 0, 0
1837, 10, 0, 0, 0
1838, 10, 0, 0, 0
1839, 10, 0, 0, 0
1840, 10, 0, 0, 0
1841, 10, 0, 0, 0
1842, 10, 0, 0, 0
1843, 10, 0, 0, 0
1844, 10, 0, 0, 0
1845, 10, 0, 0, 0
1846, 10, 0, 0, 0
1847, 10, 0, 0, 0
1848, 10, 0, 0, 0
1848, 10, 0, 0, 0
1849, 10, 0, 0, 0
1850, 10, 0, 0, 0
1850, 10, 0, 0, 0
1851, 10, 0, 0, 0
1852, 10, 0, 0, 0
1853, 10, 0, 0, 0
1854, 10, 0, 0, 0
1855, 10, 0, 0, 0
1855, 10, 0, 0, 0
1856, 10, 0, 0, 0
1856, 10, 0, 0, 0
1857, 10, 0, 0, 0
1858, 10, 0, 0, 0
1858, 10, 0, 0, 0
1859, 10, 0, 0, 0
1860, 10, 0, 0, 0
1861, 10, 0, 0, 0
1862, 10, 0, 0, 0
1863, 10, 0, 0, 0
1863, 10, 0, 0, 0
1864, 10, 0, 0, 0
1865, 10, 0, 0, 0
1866, 10, 0, 0, 0
1867, 10, 0, 0, 0
1868, 10, 0, 0, 0
1869, 10, 0, 0, 0
1870, 10, 0, 0, 0
1870, 10, 0, 0, 0
1870, 10, 0, 0, 0
1871, 10, 0, 0, 0
1871, 10, 0, 0, 0
1871, 10, 0, 0, 0
1872, 10, 0, 0, 0
1873, 10, 0, 0, 0
1873, 10, 0, 0, 0
1874, 10, 0, 0, 0
1875, 10, 0, 0, 0
1876, 10, 0, 0, 0
1877, 10, 0, 0, 0
1878, 10, 0, 0, 0
1879, 10, 0, 0, 0
1880, 10, 0, 0, 0
1881, 10, 0, 0, 0
1881, 10, 0, 0, 0
1882, 10, 0, 0, 0
1883, 10, 0, 0, 0
1884, 10, 0, 0, 0
1885, 10, 0, 0, 0
1886, 10, 0, 0, 0
1887, 10, 0, 0, 0
1888, 10, 0, 0, 0
1889, 10, 0, 0, 0
1890, 10, 0, 0, 0
1891, 10, 0, 0, 0
1892, 10, 0, 0, 0
1893, 10, 0, 0, 0
1894, 10, 0, 0, 0
1895, 10, 0, 0, 0
1896, 10, 0, 0, 0
1897, 10, 0, 0, 0
1898, 10, 0, 0, 0
1899, 10, 0, 0, 0
1900, 10, 0, 0, 0
1901, 10, 0, 0, 0
1902, 10, 0, 0, 0
1903, 10, 0, 0, 0
1904, 10, 0, 0, 0
1905, 10, 0, 0, 0
1906, 10, 0, 0, 0
1907, 10, 0, 0, 0
1908, 10, 0, 0, 0
1909, 10, 0, 0, 0
1910, 10, 0, 0, 0
1911, 10, 0, 0, 0
1912, 10, 0, 0, 0
1913, 10, 0, 0, 0
1914, 10, 0, 0, 0
1915, 10, 0, 0, 0
1916, 10, 0, 0, 0
1917, 10, 0, 0, 0
1918, 10, 0, 0, 0
1919, 10, 0, 0, 0
1920, 10, 0, 0, 0
1921, 10, 0, 0, 0
1922, 10, 0, 0, 0
1923, 10, 0, 0, 0
1924, 10, 0, 0, 0
1925, 10, 0, 0, 0
1926, 10, 0, 0, 0
1927, 10, 0, 0, 0
1928, 10, 0, 0, 0
1929, 10, 0, 0, 0
1930, 10, 0, 0, 0
1931, 10, 0, 0, 0
1932, 10, 0, 0, 0
1933, 10, 0, 0, 0
1934, 10, 0, 0, 0
1935, 10, 0, 0, 0
1936, 10, 0, 0, 0
1937, 10, 0, 0, 0
1938, 10, 0, 0, 0
1939, 10, 0, 0, 0
1940, 10, 0, 0, 0
1941, 10, 0, 0, 0
1942, 10, 0, 0, 0
1943, 10, 0, 0, 0
1944, 10, 0, 0, 0
1945, 10, 0, 0, 0
1946, 10, 0, 0, 0
1947, 10, 0, 0, 0
1948, 10, 0, 0, 0
1949, 10, 0, 0, 0
1950, 10, 0, 0, 0
1951, 10, 0, 0, 0
1952, 10, 0, 0, 0
1953, 10, 0, 0, 0
1954, 10, 0, 0, 0
1955, 10, 0, 0, 0
1956, 10, 0, 0, 0
1957, 10, 0, 0, 0
1958, 10, 0, 0, 0
1959, 10, 0, 0, 0
1960, 10, 0, 0, 0
1961, 10, 0, 0, 0
1962, 10, 0, 0, 0
1963, 10, 0, 0, 0
1964, 10, 0, 0, 0
1965, 10, 0, 0, 0
1966, 10, 0, 0, 0
1967, 10, 0, 0, 0
1968, 10, 0, 0, 0
1969, 10, 0, 0, 0
1970, 10, 0, 0, 0
1971, 10, 0, 0, 0
1972, 10, 0, 0, 0
1973, 10, 0, 0, 0
1974, 10, 0, 0, 0
1975, 10, 0, 0, 0
1976, 10, 0, 0, 0
1977, 10, 0, 0, 0
1978, 10, 0, 0, 0
1979, 10, 0, 0, 0
1980, 10, 0, 0, 0
1981, 10, 0, 0, 0
1982, 10, 0, 0, 0
1983, 10, 0, 0, 0
1984, 10, 0, 0, 0
1985, 10, 0, 0, 0
1986, 10, 0, 0, 0
1987, 10, 0, 0, 0
1988, 10, 0, 0, 0
1989, 10, 0, 0, 0
1990, 10, 0, 0, 0
1991, 10, 0, 0, 0
1992, 10, 0, 0, 0
1993, 10, 0, 0, 0
1994, 10, 0, 0, 0
1995, 10, 0, 0, 0
1996, 10, 0, 0, 0
1997, 10, 0, 0, 0
1998, 10, 0, 0, 0
1999, 10, 0, 0, 0
2000, 10, 0, 0, 0
2001, 10, 0, 0, 0
2002, 10, 0, 0, 0
2003, 10, 0, 0, 0
2004, 10, 0, 0, 0
2005, 10, 0, 0, 0
2006, 10, 0, 0, 0
2007, 10, 0, 0, 0
2008, 10, 0, 0, 0
2009, 10, 0, 0, 0
2010, 10, 0, 0, 0
2011, 10, 0, 0, 0
2012, 10, 0, 0, 0
2013, 10, 0, 0, 0
2014, 10, 0, 0, 0
2015, 10, 0, 0, 0
2016, 10, 0, 0, 0
2017, 10, 0, 0, 0
2018, 10, 0, 0, 0
2019, 10, 0, 0, 0
2020, 10, 0, 0, 0
2021, 10, 0, 0, 0
2022, 10, 0, 0, 0
2023, 10, 0, 0, 0
2024, 10, 0, 0, 0
2025, 10, 0, 0, 0
2026, 10, 0, 0, 0
2027, 10, 0, 0, 0
2028, 10, 0, 0, 0
2029, 10, 0, 0, 0
2030, 10, 0, 0, 0
2031, 10, 0, 0, 0
2032, 10, 0, 0, 0
2033, 10, 0, 0, 0
2034, 10, 0, 0, 0
2035, 10, 0, 0, 0
2036, 10, 0, 0, 0
2037, 10, 0, 0, 0
2038, 10, 0, 0, 0
2039, 10, 0, 0, 0
2040, 10, 0, 0, 0
2041, 10, 0, 0, 0
2042, 10, 0, 0, 0
2043, 10, 0, 0, 0
2044, 10, 0, 0, 0
2045, 10, 0, 0, 0
2046, 10, 0, 0, 0
2047, 10, 0, 0, 0
2048, 10, 0, 0, 0
2049, 10, 0, 0, 0
2050, 10, 0, 0, 0
2051, 10, 0, 0, 0
2052, 10, 0, 0, 0
2053, 10, 0, 0, 0
2054, 10, 0, 0, 0
2055, 10, 0, 0, 0
2056, 10, 0, 0, 0
2057, 10, 0, 0, 0
2058, 10, 0, 0, 0
2059, 10, 0, 0, 0
2060, 10, 0, 0, 0
2061, 10, 0, 0, 0
2062, 10, 0, 0, 0
2063, 10, 0, 0, 0
2064, 10, 0, 0, 0
2065, 10, 0, 0, 0
2066, 10, 0, 0, 0
2067, 10, 0, 0, 0
2068, 10, 0, 0, 0
2069, 10, 0, 0, 0
2070, 10, 0, 0, 0
2071, 10, 0, 0, 0
2072, 10, 0, 0, 0
2073, 10, 0, 0, 0
2074, 10, 0, 0, 0
2075, 10, 0, 0, 0
2076, 10, 0, 0, 0
2077, 10, 0, 0, 0
2078, 10, 0, 0, 0
2079, 10, 0, 0, 0
2080, 10, 0, 0, 0
2081, 10, 0, 0, 0
2082, 10, 0, 0, 0
2083, 10, 0, 0, 0
2084, 10, 0, 0, 0
2085, 10, 0, 0, 0
2086, 10, 0, 0, 0
2087, 10, 0, 0, 0
2088, 10, 0, 0, 0
2089, 10, 0, 0, 0
2090, 10, 0, 0, 0
2091, 10, 0, 0, 0
2092, 10, 0, 0, 0
2093, 10, 0, 0, 0
2094, 10, 0, 0, 0
2095, 10, 0, 0, 0
2095, 10, 0, 0, 0
2096, 10, 0, 0, 0
2097, 10, 0, 0, 0
2098, 10, 0, 0, 0
2099, 10, 0, 0, 0
2100, 10, 0, 0, 0
2101, 10, 0, 0, 0
2101, 10, 0, 0, 0
2101, 10, 0, 0, 0
2101, 10, 0, 0, 0
2102, 10, 0, 0, 0
2103, 10, 0, 0, 0
2104, 10, 0, 0, 0
2105, 10, 0, 0, 0
2106, 10, 0, 0, 0
2107, 10, 0, 0, 0
2108, 10, 0, 0, 0
2109, 10, 0, 0, 0
2110, 10, 0, 0, 0
2111, 10, 0, 0, 0
2112, 10, 0, 0, 0
2113, 10, 0, 0, 0
2114, 10, 0, 0, 0
2115, 10, 0, 0, 0
2116, 10, 0, 0, 0
2117, 10, 0, 0, 0
2118, 10, 0, 0, 0
2119, 10, 0, 0, 0
2120, 10, 0, 0, 0
2121, 10, 0, 0, 0
2122, 10, 0, 0, 0
2123, 10, 0, 0, 0
2124, 10, 0, 0, 0
2125, 10, 0, 0, 0
2126, 10, 0, 0, 0
2127, 10, 0, 0, 0
2128, 10, 0, 0, 0
2129, 10, 0, 0, 0
2130, 10, 0, 0, 0
2131, 10, 0, 0, 0
2132, 10, 0, 0, 0
2133, 10, 0, 0, 0
2134, 10, 0, 0, 0
2135, 10, 0, 0, 0
2136, 10, 0, 0, 0
2137, 10, 0, 0, 0
2138, 10, 0, 0, 0
2139, 10, 0, 0, 0
2140, 10, 0, 0, 0
2141, 10, 0, 0, 0
2142, 10, 0, 0, 0
2143, 10, 0, 0, 0
2144, 10, 0, 0, 0
2145, 10, 0, 0, 0
2146, 10, 0, 0, 0
2147, 10, 0, 0, 0
2148, 10, 0, 0, 0
2149, 10, 0, 0, 0
2150, 10, 0, 0, 0
2151, 10, 0, 0, 0
2152, 10, 0, 0, 0
2153, 10, 0, 0, 0
2154, 10, 0, 0, 0
2155, 10, 0, 0, 0
2156, 10, 0, 0, 0
2157, 10, 0, 0, 0
2158, 10, 0, 0, 0
2159, 10, 0, 0, 0
2160, 10, 0, 0, 0
2161, 10, 0, 0, 0
2162, 10, 0, 0, 0
2163, 10, 0, 0, 0
2164, 10, 0, 0, 0
2165, 10, 0, 0, 0
2166, 10, 0, 0, 0
2167, 10, 0, 0, 0
2168, 10, 0, 0, 0
2169, 10, 0, 0, 0
2170, 10, 0, 0, 0
2171, 10, 0, 0, 0
2172, 10, 0, 0, 0
2173, 10, 0, 0, 0
2174, 10, 0, 0, 0
2175, 10, 0, 0, 0
2176, 10, 0, 0, 0
2177, 10, 0, 0, 0
2178, 10, 0, 0, 0
2179, 10, 0, 0, 0
2180, 10, 0, 0, 0
2181, 10, 0, 0, 0
2182, 10, 0, 0, 0
2183, 10, 0, 0, 0
2184, 10, 0, 0, 0
2185, 10, 0, 0, 0
2186, 10, 0, 0, 0
2187, 10, 0, 0, 0
2188, 10, 0, 0, 0
2189, 10, 0, 0, 0
2190, 10, 0, 0, 0
2191, 10, 0, 0, 0
2192, 10, 0, 0, 0
2193, 10, 0, 0, 0
2194, 10, 0, 0, 0
2195, 10, 0, 0, 0
2196, 10, 0, 0, 0
2197, 10, 0, 0, 0
2198, 10, 0, 0, 0
2199, 10, 0, 0, 0
2200, 10, 0, 0, 0
2201, 10, 0, 0, 0
2202, 10, 0, 0, 0
2203, 10, 0, 0, 0
2204, 10, 0, 0, 0
2205, 10, 0, 0, 0
2206, 10, 0, 0, 0
2206, 10, 0, 0, 0
2207, 10, 0, 0, 0
2208, 10, 0, 0, 0
2209, 10, 0, 0, 0
2209, 10, 0, 0, 0
2209, 10, 0, 0, 0
2210, 10, 0, 0, 0
2211, 10, 0, 0, 0
2212, 10, 0, 0, 0
2213, 10, 0, 0, 0
2214, 10, 0, 0, 0
2215, 10, 0, 0, 0
2215, 10, 0, 0, 0
2216, 10, 0, 0, 0
2216, 10, 0, 0, 0
2217, 10, 0, 0, 0
2218, 10, 0, 0, 0
2219, 10, 0, 0, 0
2220, 10, 0, 0, 0
2221, 10, 0, 0, 0
2221, 10, 0, 0, 0
2222, 10, 0, 0, 0
2222, 10, 0, 0, 0
2223, 10, 0, 0, 0
2224, 10, 0, 0, 0
2225, 10, 0, 0, 0
2226, 10, 0, 0, 0
2226, 10, 0, 0, 0
2227, 10, 0, 0, 0
2228, 10, 0, 0, 0
2229, 10, 0, 0, 0
2230, 10, 0, 0, 0
2231, 10, 0, 0, 0
2232, 10, 0, 0, 0
2233, 10, 0, 0, 0
2234, 10, 0, 0, 0
2234, 10, 0, 0, 0
2235, 10, 0, 0, 0
2236, 10, 0, 0, 0
2236, 10, 0, 0, 0
2237, 10, 0, 0, 0
2238, 10, 0, 0, 0
2239, 10, 0, 0, 0
2240, 10, 0, 0, 0
2241, 10, 0, 0, 0
2241, 10, 0, 0, 0
2242, 10, 0, 0, 0
2243, 10, 0, 0, 0
2244, 10, 0, 0, 0
2245, 10, 0, 0, 0
2246, 10, 0, 0, 0
2247, 10, 0, 0, 0
2247, 10, 0, 0, 0
2248, 10, 0, 0, 0
2249, 10, 0, 0, 0
2250, 10, 0, 0, 0
2251, 10, 0, 0, 0
2252, 10, 0, 0, 0
2253, 10, 0, 0, 0
2254, 10, 0, 0, 0
2255, 10, 0, 0, 0
2256, 10, 0, 0, 0
2257, 10, 0, 0, 0
2258, 10, 0, 0, 0
2259, 10, 0, 0, 0
2260, 10, 0, 0, 0
2261, 10, 0, 0, 0
2262, 10, 0, 0, 0
2263, 10, 0, 0, 0
2263, 10, 0, 0, 0
2264, 10, 0, 0, 0
2265, 10, 0, 0, 0
2265, 10, 0, 0, 0
2266, 10, 0, 0, 0
2267, 10, 0, 0, 0
2268, 10, 0, 0, 0
2269, 10, 0, 0, 0
2269, 10, 0, 0, 0
2270, 10, 0, 0, 0
2271, 10, 0, 0, 0
2272, 10, 0, 0, 0
2273, 10, 0, 0, 0
2274, 10, 0, 0, 0
2275, 10, 0, 0, 0
2275, 10, 0, 0, 0
2276, 10, 0, 0, 0
2277, 10, 0, 0, 0
2278, 10, 0, 0, 0
2279, 10, 0, 0, 0
2280, 10, 0, 0, 0
2281, 10, 0, 0, 0
2282, 10, 0, 0, 0
2283, 10, 0, 0, 0
2284, 10, 0, 0, 0
2285, 10, 0, 0, 0
2286, 10, 0, 0, 0
2287, 10, 0, 0, 0
2288, 10, 0, 0, 0
2289, 10, 0, 0, 0
2290, 10, 0, 0, 0
2291, 10, 0, 0, 0
2292, 10, 0, 0, 0
2293, 10, 0, 0, 0
2294, 10, 0, 0, 0
2295, 10, 0, 0, 0
2296, 10, 0, 0, 0
2297, 10, 0, 0, 0
2298, 10, 0, 0, 0
2299, 10, 0, 0, 0
2300, 10, 0, 0, 0
2301, 10, 0, 0, 0
2302, 10, 0, 0, 0
2303, 10, 0, 0, 0
2304, 10, 0, 0, 0
2305, 10, 0, 0, 0
2306, 10, 0, 0, 0
2307, 10, 0, 0, 0
2308, 10, 0, 0, 0
2309, 10, 0, 0, 0
2310, 10, 0, 0, 0
2311, 10, 0, 0, 0
2312, 10, 0, 0, 0
2313, 10, 0, 0, 0
2314, 10, 0, 0, 0
2315, 10, 0, 0, 0
2316, 10, 0, 0, 0
2317, 10, 0, 0, 0
2318, 10, 0, 0, 0
2319, 10, 0, 0, 0
2320, 10, 0, 0, 0
2321, 10, 0, 0, 0
2322, 10, 0, 0, 0
2323, 10, 0, 0, 0
2324, 10, 0, 0, 0
2325, 10, 0, 0, 0
2326, 10, 0, 0, 0
2327, 10, 0, 0, 0
2328, 10, 0, 0, 0
2329, 10, 0, 0, 0
2330, 10, 0, 0, 0
2331, 10, 0, 0, 0
2332, 10, 0, 0, 0
2333, 10, 0, 0, 0
2334, 10, 0, 0, 0
2335, 10, 0, 0, 0
2336, 10, 0, 0, 0
2337, 10, 0, 0, 0
2338, 10, 0, 0, 0
2339, 10, 0, 0, 0
2340, 10, 0, 0, 0
2341, 10, 0, 0, 0
2342, 10, 0, 0, 0
2343, 10, 0, 0, 0
2344, 10, 0, 0, 0
2345, 10, 0, 0, 0
2346, 10, 0, 0, 0
2347, 10, 0, 0, 0
2348, 10, 0, 0, 0
2349, 10, 0, 0, 0
2350, 10, 0, 0, 0
2351, 10, 0, 0, 0
2352, 10, 0, 0, 0
2353, 10, 0, 0, 0
2354, 10, 0, 0, 0
2355, 10, 0, 0, 0
2356, 10, 0, 0, 0
2357, 10, 0, 0, 0
2358, 10, 0, 0, 0
2359, 10, 0, 0, 0
2360, 10, 0, 0, 0
2361, 10, 0, 0, 0
2362, 10, 0, 0, 0
2363, 10, 0, 0, 0
2364, 10, 0, 0, 0
2365, 10, 0, 0, 0
2366, 10, 0, 0, 0
2367, 10, 0, 0, 0
2368, 10, 0, 0, 0
2369, 10, 0, 0, 0
2370, 10, 0, 0, 0
2371, 10, 0, 0, 0
2372, 10, 0, 0, 0
2373, 10, 0, 0, 0
2374, 10, 0, 0, 0
2375, 10, 0, 0, 0
2376, 10, 0, 0, 0
2377, 10, 0, 0, 0
2378, 10, 0, 0, 0
2379, 10, 0, 0, 0
2380, 10, 0, 0, 0
2381, 10, 0, 0, 0
2382, 10, 0, 0, 0
2383, 10, 0, 0, 0
2384, 10, 0, 0, 0
2385, 10, 0, 0, 0
2386, 10, 0, 0, 0
2387, 10, 0, 0, 0
2388, 10, 0, 0, 0
2389, 10, 0, 0, 0
2390, 10, 0, 0, 0
2391, 10, 0, 0, 0
2392, 10, 0, 0, 0
2393, 10, 0, 0, 0
2394, 10, 0, 0, 0
2395, 10, 0, 0, 0
2396, 10, 0, 0, 0
2397, 10, 0, 0, 0
2398, 10, 0, 0, 0
2399, 10, 0, 0, 0
2400, 10, 0, 0, 0
2401, 10, 0, 0, 0
2402, 10, 0, 0, 0
2403, 10, 0, 0, 0
2404, 10, 0, 0, 0
2405, 10, 0, 0, 0
2406, 10, 0, 0, 0
2407, 10, 0, 0, 0
2408, 10, 0, 0, 0
2409, 10, 0, 0, 0
2410, 10, 0, 0, 0
2411, 10, 0, 0, 0
2412, 10, 0, 0, 0
2413, 10, 0, 0, 0
2414, 10, 0, 0, 0
2415, 10, 0, 0, 0
2416, 10, 0, 0, 0
2417, 10, 0, 0, 0
2418, 10, 0, 0, 0
2419, 10, 0, 0, 0
2420, 10, 0, 0, 0
2421, 10, 0, 0, 0
2422, 10, 0, 0, 0
2423, 10, 0, 0, 0
2424, 10, 0, 0, 0
2425, 10, 0, 0, 0
2426, 10, 0, 0, 0
2427, 10, 0, 0, 0
2428, 10, 0, 0, 0
2429, 10, 0, 0, 0
2430, 10, 0, 0, 0
2431, 10, 0, 0, 0
2432, 10, 0, 0, 0
2433, 10, 0, 0, 0
2434, 10, 0, 0, 0
2435, 10, 0, 0, 0
2436, 10, 0, 0, 0
2437, 10, 0, 0, 0
2437, 10, 0, 0, 0
2438, 10, 0, 0, 0
2439, 10, 0, 0, 0
2440, 10, 0, 0, 0
2441, 10, 0, 0, 0
2442, 10, 0, 0, 0
2443, 10, 0, 0, 0
2444, 10, 0, 0, 0
2445, 10, 0, 0, 0
2446, 10, 0, 0, 0
2447, 10, 0, 0, 0
2448, 10, 0, 0, 0
2449, 10, 0, 0, 0
2450, 10, 0, 0, 0
2451, 10, 0, 0, 0
2452, 10, 0, 0, 0
2453, 10, 0, 0, 0
2454, 10, 0, 0, 0
2455, 10, 0, 0, 0
2456, 10, 0, 0, 0
2457, 10, 0, 0, 0
2458, 10, 0, 0, 0
2459, 10, 0, 0, 0
2460, 10, 0, 0, 0
2461, 10, 0, 0, 0
2462, 10, 0, 0, 0
2463, 10, 0, 0, 0
2464, 10, 0, 0, 0
2465, 10, 0, 0, 0
2466, 10, 0, 0, 0
2467, 10, 0, 0, 0
2468, 10, 0, 0, 0
2469, 10, 0, 0, 0
2470, 10, 0, 0, 0
2471, 10, 0, 0, 0
2472, 10, 0, 0, 0
2473, 10, 0, 0, 0
2474, 10, 0, 0, 0
2475, 10, 0, 0, 0
2476, 10, 0, 0, 0
2477, 10, 0, 0, 0
2478, 10, 0, 0, 0
2479, 10, 0, 0, 0
2480, 10, 0, 0, 0
2481, 10, 0, 0, 0
2482, 10, 0, 0, 0
2483, 10, 0, 0, 0
2484, 10, 0, 0, 0
2485, 10, 0, 0, 0
2486, 10, 0, 0, 0
2487, 10, 0, 0, 0
2488, 10, 0, 0, 0
2489, 10, 0, 0, 0
2490, 10, 0, 0, 0
2491, 10, 0, 0, 0
2491, 10, 0, 0, 0
2492, 10, 0, 0, 0
2493, 10, 0, 0, 0
2494, 10, 0, 0, 0
2495, 10, 0, 0, 0
2496, 10, 0, 0, 0
2496, 10, 0, 0, 0
2496, 10, 0, 0, 0
2497, 10, 0, 0, 0
2498, 10, 0, 0, 0
2499, 10, 0, 0, 0
2500, 10, 0, 0, 0
2500, 10, 0, 0, 0
2500, 10, 0, 0, 0
2501, 10, 0, 0, 0
2502, 10, 0, 0, 0
2503, 10, 0, 0, 0
2504, 10, 0, 0, 0
2504, 10, 0, 0, 0
2505, 10, 0, 0, 0
2505, 10, 0, 0, 0
2506, 4, 6, 0, 0
2506, 4, 6, 0, 0
2506, 4, 6, 0, 0
2507, 7, 3, 0, 0
2507, 7, 3, 0, 0
2507, 7, 3, 0, 0
2507, 7, 3, 0, 0
2508, 8, 2, 0, 0
2509, 8, 2, 0, 0
2510, 8, 2, 0, 0
2511, 8, 2, 0, 0
2512, 8, 2, 0, 0
2513, 8, 2, 0, 0
2513, 8, 2, 0, 0
2514, 8, 2, 0, 0
2514, 8, 2, 0, 0
2515, 8, 2, 0, 0
2515, 8, 2, 0, 0
2516, 8, 2, 0, 0
2517, 8, 2, 0, 0
2518, 9, 1, 0, 0
2519, 9, 1, 0, 0
2519, 9, 1, 0, 0
2520, 9, 1, 0, 0
2521, 9, 1, 0, 0
2522, 9, 1, 0, 0
2523, 9, 1, 0, 0
2524, 9, 1, 0, 0
2524, 9, 1, 0, 0
2525, 9, 1, 0, 0
2526, 9, 1, 0, 0
2527, 9, 1, 0, 0
2528, 9, 1, 0, 0
2529, 8, 1, 1, 0
2529, 8, 1, 1, 0
2529, 8, 1, 1, 0
2529, 8, 1, 1, 0
2529, 8, 1, 1, 0
2529, 8, 1, 1, 0
2529, 8, 1, 1, 0
2529, 8, 1, 1, 0
2530, 8, 1, 1, 0
2530, 8, 1, 1, 0
2531, 9, 1, 0, 0
2532, 10, 0, 0, 0
2533, 10, 0, 0, 0
2533, 10, 0, 0, 0
2533, 10, 0, 0, 0
2533, 10, 0, 0, 0
2534, 10, 0, 0, 0
2534, 10, 0, 0, 0
2534, 10, 0, 0, 0
2534, 10, 0, 0, 0
2534, 10, 0, 0, 0
2534, 10, 0, 0, 0
2535, 10, 0, 0, 0
2536, 10, 0, 0, 0
2537, 10, 0, 0, 0
2538, 10, 0, 0, 0
2538, 10, 0, 0, 0
2539, 4, 5, 1, 0
2539, 4, 5, 1, 0
2540, 3, 6, 1, 0
2541, 3, 6, 1, 0
2541, 3, 6, 1, 0
2541, 3, 6, 1, 0
2542, 7, 2, 1, 0
2543, 7, 2, 1, 0
2543, 7, 2, 1, 0
2543, 7, 2, 1, 0
2544, 7, 2, 1, 0
2545, 7, 2, 1, 0
2546, 7, 2, 1, 0
2546, 7, 2, 1, 0
2547, 8, 1, 1, 0
2547, 8, 1, 1, 0
2548, 10, 0, 0, 0
2549, 10, 0, 0, 0
2550, 10, 0, 0, 0
2551, 10, 0, 0, 0
2552, 10, 0, 0, 0
2553, 10, 0, 0, 0
2554, 10, 0, 0, 0
2555, 10, 0, 0, 0
2556, 10, 0, 0, 0
2557, 10, 0, 0, 0
2558, 10, 0, 0, 0
2559, 10, 0, 0, 0
2560, 10, 0, 0, 0
2561, 10, 0, 0, 0
2562, 10, 0, 0, 0
2563, 10, 0, 0, 0
2563, 10, 0, 0, 0
2563, 10, 0, 0, 0
2564, 10, 0, 0, 0
2565, 10, 0, 0, 0
2566, 10, 0, 0, 0
2567, 10, 0, 0, 0
2567, 10, 0, 0, 0
2568, 10, 0, 0, 0
2569, 10, 0, 0, 0
2569, 10, 0, 0, 0
2570, 10, 0, 0, 0
2571, 10, 0, 0, 0
2572, 10, 0, 0, 0
2573, 10, 0, 0, 0
2573, 10, 0, 0, 0
2574, 10, 0, 0, 0
2575, 10, 0, 0, 0
2576, 10, 0, 0, 0
2577, 10, 0, 0, 0
2577, 10, 0, 0, 0
2577, 10, 0, 0, 0
2578, 10, 0, 0, 0
2579, 10, 0, 0, 0
2580, 10, 0, 0, 0
2581, 10, 0, 0, 0
2582, 10, 0, 0, 0
2582, 10, 0, 0, 0
2583, 10, 0, 0, 0
2584, 10, 0, 0, 0
2585, 10, 0, 0, 0
2586, 10, 0, 0, 0
2587, 10, 0, 0, 0
2588, 10, 0, 0, 0
2589, 10, 0, 0, 0
2590, 10, 0, 0, 0
2590, 10, 0, 0, 0
2590, 10, 0, 0, 0
2590, 10, 0, 0, 0
2591, 10, 0, 0, 0
2591, 10, 0, 0, 0
2592, 10, 0, 0, 0
2593, 10, 0, 0, 0
2593, 10, 0, 0, 0
2594, 10, 0, 0, 0
2595, 10, 0, 0, 0
2596, 10, 0, 0, 0
2597, 10, 0, 0, 0
2597, 10, 0, 0, 0
2598, 9, 1, 0, 0
2598, 9, 1, 0, 0
2598, 9, 1, 0, 0
2599, 8, 2, 0, 0
2599, 8, 2, 0, 0
2600, 8, 2, 0, 0
2600, 8, 2, 0, 0
2601, 7, 3, 0, 0
2602, 6, 4, 0, 0
2603, 6, 4, 0, 0
2603, 6, 4, 0, 0
2604, 4, 4, 1, 1
2604, 4, 4, 1, 1
2605, 9, 1, 0, 0
2605, 9, 1, 0, 0
2606, 9, 1, 0, 0
2607, 9, 1, 0, 0
2607, 9, 1, 0, 0
2608, 9, 1, 0, 0
2609, 9, 1, 0, 0
2610, 9, 1, 0, 0
2611, 9, 1, 0, 0
2612, 9, 1, 0, 0
2613, 9, 1, 0, 0
2614, 10, 0, 0, 0
2615, 10, 0, 0, 0
2616, 10, 0, 0, 0
2617, 10, 0, 0, 0
2617, 10, 0, 0, 0
2617, 10, 0, 0, 0
2618, 10, 0, 0, 0
2619, 10, 0, 0, 0
2620, 10, 0, 0, 0
2621, 10, 0, 0, 0
2622, 10, 0, 0, 0
2622, 10, 0, 0, 0
2622, 10, 0, 0, 0
2622, 10, 0, 0, 0
2623, 10, 0, 0, 0
2624, 10, 0, 0, 0
2625, 10, 0, 0, 0
2626, 10, 0, 0, 0
2627, 10, 0, 0, 0
2628, 10, 0, 0, 0
2629, 7, 3, 0, 0
2630, 7, 3, 0, 0
2631, 8, 2, 0, 0
2631, 8, 2, 0, 0
2632, 8, 2, 0, 0
2632, 8, 2, 0, 0
2632, 8, 2, 0, 0
2633, 8, 2, 0, 0
2634, 9, 1, 0, 0
2634, 9, 1, 0, 0
2635, 9, 1, 0, 0
2635, 9, 1, 0, 0
2635, 9, 1, 0, 0
2635, 9, 1, 0, 0
2636, 10, 0, 0, 0
2637, 10, 0, 0, 0
2638, 10, 0, 0, 0
2638, 10, 0, 0, 0
2639, 10, 0, 0, 0
2640, 10, 0, 0, 0
2640, 10, 0, 0, 0
2640, 10, 0, 0, 0
2641, 10, 0, 0, 0
2641, 10, 0, 0, 0
2642, 10, 0, 0, 0
2642, 10, 0, 0, 0
2643, 10, 0, 0, 0
2644, 10, 0, 0, 0
2644, 10, 0, 0, 0
2645, 10, 0, 0, 0
2646, 10, 0, 0, 0
2647, 10, 0, 0, 0
2648, 10, 0, 0, 0
2649, 10, 0, 0, 0
2650, 10, 0, 0, 0
2651, 10, 0, 0, 0
2652, 10, 0, 0, 0
2652, 10, 0, 0, 0
2652, 10, 0, 0, 0
2653, 10, 0, 0, 0
2654, 10, 0, 0, 0
2655, 10, 0, 0, 0
2656, 10, 0, 0, 0
2656, 10, 0, 0, 0
2657, 10, 0, 0, 0
2658, 10, 0, 0, 0
2659, 10, 0, 0, 0
2660, 10, 0, 0, 0
2661, 10, 0, 0, 0
2662, 10, 0, 0, 0
2663, 10, 0, 0, 0
2663, 10, 0, 0, 0
2664, 10, 0, 0, 0
2665, 10, 0, 0, 0
2666, 10, 0, 0, 0
2667, 10, 0, 0, 0
2668, 10, 0, 0, 0
2669, 10, 0, 0, 0
2670, 10, 0, 0, 0
2671, 10, 0, 0, 0
2672, 10, 0, 0, 0
2673, 10, 0, 0, 0
2674, 10, 0, 0, 0
2675, 10, 0, 0, 0
2676, 10, 0, 0, 0
2677, 10, 0, 0, 0
2678, 10, 0, 0, 0
2679, 10, 0, 0, 0
2680, 10, 0, 0, 0
2681, 10, 0, 0, 0
2682, 10, 0, 0, 0
2683, 10, 0, 0, 0
2684, 10, 0, 0, 0
2684, 10, 0, 0, 0
2685, 10, 0, 0, 0
2686, 10, 0, 0, 0
2687, 10, 0, 0, 0
2688, 10, 0, 0, 0
2689, 10, 0, 0, 0
2690, 10, 0, 0, 0
2691, 10, 0, 0, 0
2691, 10, 0, 0, 0
2691, 10, 0, 0, 0
2692, 10, 0, 0, 0
2693, 10, 0, 0, 0
2693, 10, 0, 0, 0
2694, 10, 0, 0, 0
2695, 10, 0, 0, 0
2696, 10, 0, 0, 0
2697, 10, 0, 0, 0
2698, 10, 0, 0, 0
2699, 10, 0, 0, 0
2699, 10, 0, 0, 0
2700, 10, 0, 0, 0
2701, 10, 0, 0, 0
2702, 10, 0, 0, 0
2703, 10, 0, 0, 0
2703, 10, 0, 0, 0
2704, 10, 0, 0, 0
2705, 10, 0, 0, 0
2706, 10, 0, 0, 0
2707, 10, 0, 0, 0
2708, 10, 0, 0, 0
2708, 10, 0, 0, 0
2709, 10, 0, 0, 0
2709, 10, 0, 0, 0
2710, 10, 0, 0, 0
2711, 10, 0, 0, 0
2711, 10, 0, 0, 0
2712, 10, 0, 0, 0
2713, 10, 0, 0, 0
2713, 10, 0, 0, 0
2714, 10, 0, 0, 0
2715, 10, 0, 0, 0
2716, 10, 0, 0, 0
2717, 10, 0, 0, 0
2718, 10, 0, 0, 0
2719, 10, 0, 0, 0
2719, 10, 0, 0, 0
2720, 10, 0, 0, 0
2720, 10, 0, 0, 0
2721, 10, 0, 0, 0
2722, 10, 0, 0, 0
2723, 10, 0, 0, 0
2724, 10, 0, 0, 0
2725, 10, 0, 0, 0
2726, 10, 0, 0, 0
2727, 10, 0, 0, 0
2728, 10, 0, 0, 0
2729, 10, 0, 0, 0
2730, 10, 0, 0, 0
2731, 10, 0, 0, 0
2732, 10, 0, 0, 0
2733, 10, 0, 0, 0
2734, 10, 0, 0, 0
2735, 10, 0, 0, 0
2735, 10, 0, 0, 0
2736, 10, 0, 0, 0
2737, 10, 0, 0, 0
2738, 10, 0, 0, 0
2739, 10, 0, 0, 0
2740, 10, 0, 0, 0
2741, 10, 0, 0, 0
2742, 10, 0, 0, 0
2743, 10, 0, 0, 0
2744, 10, 0, 0, 0
2745, 10, 0, 0, 0
2746, 10, 0, 0, 0
2747, 10, 0, 0, 0
2748, 10, 0, 0, 0
2749, 10, 0, 0, 0
2750, 10, 0, 0, 0
2751, 10, 0, 0, 0
2752, 10, 0, 0, 0
2753, 10, 0, 0, 0
2754, 10, 0, 0, 0
2755, 10, 0, 0, 0
2756, 10, 0, 0, 0
2757, 10, 0, 0, 0
2758, 10, 0, 0, 0
2759, 10, 0, 0, 0
2760, 10, 0, 0, 0
2761, 10, 0, 0, 0
2762, 10, 0, 0, 0
2763, 10, 0, 0, 0
2764, 10, 0, 0, 0
2765, 10, 0, 0, 0
2766, 10, 0, 0, 0
2767, 10, 0, 0, 0
2768, 10, 0, 0, 0
2769, 10, 0, 0, 0
2770, 10, 0, 0, 0
2771, 10, 0, 0, 0
2772, 10, 0, 0, 0
2773, 10, 0, 0, 0
2774, 10, 0, 0, 0
2775, 10, 0, 0, 0
2776, 10, 0, 0, 0
2777, 10, 0, 0, 0
2778, 10, 0, 0, 0
2779, 10, 0, 0, 0
2780, 10, 0, 0, 0
2781, 10, 0, 0, 0
2782, 10, 0, 0, 0
2783, 10, 0, 0, 0
2784, 10, 0, 0, 0
2785, 10, 0, 0, 0
2786, 10, 0, 0, 0
2787, 10, 0, 0, 0
2788, 10, 0, 0, 0
2789, 10, 0, 0, 0
2790, 10, 0, 0, 0
2791, 10, 0, 0, 0
2792, 10, 0, 0, 0
2793, 10, 0, 0, 0
2794, 10, 0, 0, 0
2795, 10, 0, 0, 0
2796, 10, 0, 0, 0
2797, 10, 0, 0, 0
2798, 10, 0, 0, 0
2799, 10, 0, 0, 0
2800, 10, 0, 0, 0
2801, 10, 0, 0, 0
2802, 10, 0, 0, 0
2803, 10, 0, 0, 0
2804, 10, 0, 0, 0
2805, 10, 0, 0, 0
2806, 10, 0, 0, 0
2807, 10, 0, 0, 0
2808, 10, 0, 0, 0
2809, 10, 0, 0, 0
2810, 10, 0, 0, 0
2811, 10, 0, 0, 0
2812, 10, 0, 0, 0
2813, 10, 0, 0, 0
2814, 10, 0, 0, 0
2815, 10, 0, 0, 0
2816, 10, 0, 0, 0
2817, 10, 0, 0, 0
2818, 10, 0, 0, 0
2819, 10, 0, 0, 0
2820, 10, 0, 0, 0
2821, 10, 0, 0, 0
2822, 10, 0, 0, 0
2823, 10, 0, 0, 0
2824, 10, 0, 0, 0
2825, 10, 0, 0, 0
2826, 10, 0, 0, 0
2827, 10, 0, 0, 0
2828, 10, 0, 0, 0
2829, 10, 0, 0, 0
2830, 10, 0, 0, 0
2831, 10, 0, 0, 0
2832, 10, 0, 0, 0
2833, 10, 0, 0, 0
2833, 10, 0, 0, 0
2834, 10, 0, 0, 0
2835, 10, 0, 0, 0
2836, 10, 0, 0, 0
2837, 10, 0, 0, 0
2838, 10, 0, 0, 0
2839, 10, 0, 0, 0
2840, 10, 0, 0, 0
2841, 10, 0, 0, 0
2842, 10, 0, 0, 0
2843, 10, 0, 0, 0
2844, 10, 0, 0, 0
2845, 10, 0, 0, 0
2846, 10, 0, 0, 0
2847, 10, 0, 0, 0
2848, 10, 0, 0, 0
2849, 10, 0, 0, 0
2850, 10, 0, 0, 0
2851, 10, 0, 0, 0
2852, 10, 0, 0, 0
2852, 10, 0, 0, 0
2853, 10, 0, 0, 0
2854, 10, 0, 0, 0
2855, 10, 0, 0, 0
2856, 10, 0, 0, 0
2857, 10, 0, 0, 0
2858, 10, 0, 0, 0
2859, 10, 0, 0, 0
2860, 10, 0, 0, 0
2861, 10, 0, 0, 0
2862, 10, 0, 0, 0
2863, 10, 0, 0, 0
2864, 10, 0, 0, 0
2865, 10, 0, 0, 0
2866, 10, 0, 0, 0
2867, 10, 0, 0, 0
2868, 10, 0, 0, 0
2869, 10, 0, 0, 0
2870, 10, 0, 0, 0
2871, 10, 0, 0, 0
2872, 10, 0, 0, 0
2873, 10, 0, 0, 0
2874, 10, 0, 0, 0
2875, 10, 0, 0, 0
2876, 10, 0, 0, 0
2877, 10, 0, 0, 0
2878, 10, 0, 0, 0
2879, 10, 0, 0, 0
2880, 10, 0, 0, 0
2881, 10, 0, 0, 0
2882, 10, 0, 0, 0
2883, 10, 0, 0, 0
2884, 10, 0, 0, 0
2885, 10, 0, 0, 0
2886, 10, 0, 0, 0
2887, 10, 0, 0, 0
2888, 10, 0, 0, 0
2889, 10, 0, 0, 0
2890, 10, 0, 0, 0
2891, 10, 0, 0, 0
2892, 10, 0, 0, 0
2893, 10, 0, 0, 0
2894, 10, 0, 0, 0
2895, 10, 0, 0, 0
2896, 10, 0, 0, 0
2897, 10, 0, 0, 0
2898, 10, 0, 0, 0
2899, 10, 0, 0, 0
2900, 10, 0, 0, 0
2901, 10, 0, 0, 0
2902, 10, 0, 0, 0
2903, 10, 0, 0, 0
2904, 10, 0, 0, 0
2905, 10, 0, 0, 0
2906, 10, 0, 0, 0
2907, 10, 0, 0, 0
2908, 10, 0, 0, 0
2909, 10, 0, 0, 0
2910, 10, 0, 0, 0
2911, 10, 0, 0, 0
2912, 10, 0, 0, 0
2913, 10, 0, 0, 0
2914, 10, 0, 0, 0
2915, 10, 0, 0, 0
2916, 10, 0, 0, 0
2917, 10, 0, 0, 0
2918, 10, 0, 0, 0
2919, 10, 0, 0, 0
2920, 10, 0, 0, 0
2921, 10, 0, 0, 0
2922, 10, 0, 0, 0
2923, 10, 0, 0, 0
2924, 10, 0, 0, 0
2925, 10, 0, 0, 0
2926, 10, 0, 0, 0
2927, 10, 0, 0, 0
2928, 10, 0, 0, 0
2929, 10, 0, 0, 0
2930, 10, 0, 0, 0
2930, 10, 0, 0, 0
2931, 10, 0, 0, 0
2932, 10, 0, 0, 0
2933, 10, 0, 0, 0
2934, 10, 0, 0, 0
2935, 10, 0, 0, 0
2935, 10, 0, 0, 0
2936, 10, 0, 0, 0
2937, 10, 0, 0, 0
2938, 10, 0, 0, 0
2939, 10, 0, 0, 0
2940, 10, 0, 0, 0
2941, 10, 0, 0, 0
2942, 10, 0, 0, 0
2943, 10, 0, 0, 0
2944, 10, 0, 0, 0
2945, 10, 0, 0, 0
2946, 10, 0, 0, 0
2947, 10, 0, 0, 0
2948, 10, 0, 0, 0
2949, 10, 0, 0, 0
2950, 10, 0, 0, 0
2951, 10, 0, 0, 0
2952, 10, 0, 0, 0
2953, 10, 0, 0, 0
2954, 10, 0, 0, 0
2955, 10, 0, 0, 0
2956, 10, 0, 0, 0
2956, 10, 0, 0, 0
2956, 10, 0, 0, 0
2956, 10, 0, 0, 0
2956, 10, 0, 0, 0
2956, 10, 0, 0, 0
2956, 10, 0, 0, 0
2957, 10, 0, 0, 0
2957, 10, 0, 0, 0
2958, 10, 0, 0, 0
2959, 10, 0, 0, 0
2960, 10, 0, 0, 0
2961, 10, 0, 0, 0
2962, 10, 0, 0, 0
2963, 10, 0, 0, 0
2963, 10, 0, 0, 0
2964, 10, 0, 0, 0
2965, 10, 0, 0, 0
2966, 10, 0, 0, 0
2967, 10, 0, 0, 0
2968, 10, 0, 0, 0
2969, 10, 0, 0, 0
2970, 10, 0, 0, 0
2971, 10, 0, 0, 0
2972, 10, 0, 0, 0
2973, 10, 0, 0, 0
2974, 10, 0, 0, 0
2975, 10, 0, 0, 0
2975, 10, 0, 0, 0
2976, 10, 0, 0, 0
2977, 10, 0, 0, 0
2978, 10, 0, 0, 0
2979, 10, 0, 0, 0
2980, 10, 0, 0, 0
2980, 10, 0, 0, 0
2981, 10, 0, 0, 0
2982, 10, 0, 0, 0
2983, 10, 0, 0, 0
2984, 10, 0, 0, 0
2985, 10, 0, 0, 0
2986, 10, 0, 0, 0
2987, 10, 0, 0, 0
2988, 10, 0, 0, 0
2989, 10, 0, 0, 0
2990, 10, 0, 0, 0
2991, 10, 0, 0, 0
2992, 10, 0, 0, 0
2993, 10, 0, 0, 0
2994, 10, 0, 0, 0
2995, 10, 0, 0, 0
2996, 10, 0, 0, 0
2997, 10, 0, 0, 0
2998, 10, 0, 0, 0
2999, 10, 0, 0, 0
